{"stat.mineBlock.109":25,"stat.mineBlock.1":326,"stat.damageDealt":16800,"achievement.exploreAllBiomes":{"value":0,"progress":["Plains"]},"stat.useItem.50":32,"achievement.openInventory":421,"stat.fallOneCm":24949,"stat.mineBlock.155":12,"stat.flyOneCm":134802,"stat.drop":99,"stat.damageTaken":-2147084129,"stat.useItem.4":1,"stat.useItem.155":54,"stat.playOneMinute":404815,"stat.useItem.278":717,"stat.useItem.109":88,"stat.deaths":5,"stat.jump":831,"stat.useItem.1":170,"stat.mineBlock.50":7,"stat.mineBlock.98":174,"stat.mobKills":691,"stat.mineBlock.4":1,"stat.useItem.98":2092,"stat.walkOneCm":3288998,"stat.mineBlock.44":6,"stat.useItem.44":23}