{"stat.mineBlock.109":25,"stat.mineBlock.1":326,"achievement.openInventory":447,"stat.damageDealt":26700,"stat.useItem.3":705,"stat.useItem.351":144,"achievement.exploreAllBiomes":{"value":0,"progress":["Plains"]},"stat.useItem.50":32,"stat.useItem.5":1,"stat.fallOneCm":27043,"stat.mineBlock.155":12,"stat.flyOneCm":207184,"stat.drop":110,"stat.damageTaken":-2147084029,"stat.useItem.4":1,"stat.useItem.155":54,"stat.useItem.6":100,"stat.useItem.383":30,"stat.killEntity.Villager":34,"stat.playOneMinute":467648,"stat.useItem.109":88,"stat.useItem.278":734,"stat.deaths":5,"stat.mineBlock.98":191,"stat.useItem.162":37,"stat.mobKills":750,"stat.useItem.98":2110,"stat.walkOneCm":3583988,"stat.useItem.44":23,"stat.useItem.276":120,"stat.jump":952,"stat.useItem.1":170,"stat.mineBlock.50":7,"stat.mineBlock.4":1,"stat.mineBlock.44":6}