{"stat.mineBlock.109":25,"stat.mineBlock.1":326,"achievement.openInventory":627,"stat.damageDealt":26825,"stat.useItem.3":712,"stat.useItem.351":144,"achievement.exploreAllBiomes":{"value":0,"progress":["Plains"]},"stat.useItem.50":32,"stat.useItem.5":1,"stat.fallOneCm":31563,"stat.flyOneCm":261944,"stat.useItem.69":1,"stat.mineBlock.155":12,"stat.drop":113,"stat.damageTaken":-2147080509,"stat.useItem.4":1,"stat.useItem.155":66,"stat.useItem.6":100,"stat.useItem.383":30,"stat.useItem.330":1,"stat.killEntity.Villager":34,"stat.playOneMinute":605871,"stat.useItem.278":755,"stat.useItem.109":88,"stat.deaths":5,"stat.mineBlock.98":203,"stat.useItem.162":37,"stat.mobKills":753,"stat.useItem.98":2128,"stat.walkOneCm":3933489,"stat.useItem.44":23,"stat.useItem.276":120,"stat.jump":1115,"stat.useItem.1":171,"stat.mineBlock.50":7,"stat.mineBlock.4":1,"stat.mineBlock.44":6}