{"stat.mineBlock.109":25,"stat.mineBlock.1":326,"stat.mineBlock.69":2,"achievement.openInventory":693,"stat.damageDealt":27420,"stat.useItem.3":712,"stat.useItem.351":144,"achievement.exploreAllBiomes":{"value":0,"progress":["Plains"]},"stat.useItem.50":32,"stat.useItem.5":1,"stat.fallOneCm":35944,"stat.flyOneCm":272633,"stat.useItem.69":3,"stat.mineBlock.155":12,"stat.drop":120,"stat.damageTaken":-2147075289,"stat.useItem.4":1,"stat.useItem.155":66,"stat.useItem.6":100,"stat.useItem.383":30,"stat.useItem.330":2,"stat.killEntity.Villager":34,"stat.playOneMinute":648677,"stat.useItem.278":758,"stat.useItem.109":88,"stat.deaths":5,"stat.mineBlock.98":203,"stat.useItem.162":37,"stat.mobKills":801,"stat.useItem.98":2130,"stat.walkOneCm":4316434,"stat.useItem.44":23,"stat.useItem.276":120,"stat.jump":1178,"stat.useItem.1":171,"stat.mineBlock.50":7,"stat.mineBlock.4":1,"stat.mineBlock.44":6}