{"stat.mineBlock.109":25,"stat.mineBlock.1":326,"stat.mineBlock.69":2,"achievement.openInventory":983,"stat.damageDealt":29585,"stat.useItem.3":730,"stat.useItem.351":144,"achievement.exploreAllBiomes":{"value":0,"progress":["Plains"]},"stat.useItem.50":32,"stat.useItem.5":1,"stat.fallOneCm":40484,"stat.flyOneCm":347648,"stat.useItem.69":3,"stat.mineBlock.155":12,"stat.drop":194,"stat.damageTaken":445010,"stat.useItem.4":1,"stat.useItem.155":66,"stat.useItem.6":100,"stat.useItem.383":30,"stat.useItem.330":2,"stat.killEntity.Villager":34,"stat.playOneMinute":830929,"stat.useItem.278":820,"stat.useItem.109":88,"stat.deaths":17,"stat.mineBlock.98":209,"stat.useItem.162":37,"stat.mobKills":960,"stat.useItem.98":2148,"stat.walkOneCm":5525785,"stat.useItem.44":23,"stat.useItem.276":120,"stat.jump":1433,"stat.useItem.1":173,"stat.mineBlock.50":7,"stat.mineBlock.4":1,"stat.mineBlock.44":6}