{"stat.damageDealt":510,"stat.mineBlock.1":1,"achievement.exploreAllBiomes":{"value":0,"progress":["Plains"]},"stat.mineBlock.76":3,"achievement.openInventory":101,"stat.fallOneCm":819,"stat.flyOneCm":4538,"stat.drop":3,"stat.damageTaken":10490,"stat.useItem.76":3,"stat.playOneMinute":38193,"stat.useItem.278":3,"stat.useItem.383":2,"stat.useItem.32":100,"stat.killEntity.Pig":1,"stat.deaths":1,"stat.jump":44,"stat.useItem.1":1,"stat.useItem.162":2,"stat.mobKills":4,"stat.useItem.98":1,"stat.walkOneCm":324457,"stat.killEntity.Zombie":1,"stat.useItem.276":4}