{"stat.useItem.139":71,"stat.mineBlock.1":882,"achievement.openInventory":625,"stat.useItem.279":47,"stat.damageDealt":13955,"stat.useItem.3":2433,"stat.useItem.351":595,"achievement.exploreAllBiomes":{"value":0,"progress":["Plains"]},"stat.useItem.50":17,"stat.mineBlock.139":2,"stat.useItem.5":90,"stat.fallOneCm":32614,"stat.flyOneCm":326524,"stat.mineBlock.161":66,"stat.mineBlock.162":26,"stat.breakItem.299":2,"stat.mineBlock.155":3,"stat.drop":136,"stat.damageTaken":111060,"stat.useItem.155":39,"stat.leaveGame":1,"stat.useItem.6":508,"stat.breakItem.301":1,"achievement.mineWood":30,"stat.useItem.54":2,"stat.mineBlock.17":5,"stat.useItem.109":1,"stat.useItem.17":51,"stat.breakItem.300":1,"stat.useItem.85":17,"stat.useItem.277":6,"stat.playOneMinute":553495,"stat.useItem.278":1171,"stat.mineBlock.6":37,"stat.deaths":13,"stat.mineBlock.3":87,"stat.useItem.268":8,"stat.mineBlock.98":58,"stat.useItem.162":74,"stat.mobKills":602,"stat.killEntity.Skeleton":2,"stat.useItem.98":199,"stat.walkOneCm":4205398,"stat.useItem.44":2,"stat.breakItem.298":1,"stat.jump":1506,"stat.mineBlock.50":34,"stat.mineBlock.85":1,"stat.mineBlock.5":9,"stat.mineBlock.44":1}