{"stat.useItem.139":71,"stat.mineBlock.1":882,"achievement.openInventory":458,"stat.useItem.279":47,"stat.damageDealt":5810,"stat.useItem.3":2296,"stat.useItem.351":595,"achievement.exploreAllBiomes":{"value":0,"progress":["Plains"]},"stat.useItem.50":17,"stat.mineBlock.139":2,"stat.useItem.5":90,"stat.fallOneCm":20167,"stat.flyOneCm":239850,"stat.mineBlock.161":66,"stat.mineBlock.162":26,"stat.mineBlock.155":3,"stat.drop":77,"stat.damageTaken":31898,"stat.useItem.155":39,"stat.useItem.277":6,"stat.useItem.6":508,"achievement.mineWood":30,"stat.useItem.54":2,"stat.mineBlock.17":5,"stat.playOneMinute":404698,"stat.useItem.278":1171,"stat.useItem.17":50,"stat.mineBlock.6":37,"stat.useItem.85":17,"stat.mineBlock.3":87,"stat.deaths":3,"stat.jump":1168,"stat.mineBlock.50":34,"stat.mineBlock.98":58,"stat.useItem.162":56,"stat.mobKills":279,"stat.mineBlock.85":1,"stat.useItem.98":119,"stat.walkOneCm":2576488,"stat.mineBlock.5":9,"stat.mineBlock.44":1}