{"zombiesToSpawn":6,"wave":3,"zombiesAlive":5,"timeToNextWave":0,"nextWaveZombies":30,"currentWaveMaxZombies":30,"nodes":[{"position":{"xCoord":458,"yCoord":62,"zCoord":-587}},{"position":{"xCoord":457,"yCoord":62,"zCoord":-587}},{"position":{"xCoord":457,"yCoord":61,"zCoord":-586}},{"position":{"xCoord":456,"yCoord":61,"zCoord":-587}},{"position":{"xCoord":457,"yCoord":61,"zCoord":-588}},{"position":{"xCoord":453,"yCoord":61,"zCoord":-585}},{"position":{"xCoord":453,"yCoord":62,"zCoord":-584}},{"position":{"xCoord":454,"yCoord":63,"zCoord":-584}},{"position":{"xCoord":453,"yCoord":63,"zCoord":-583}},{"position":{"xCoord":452,"yCoord":61,"zCoord":-584}},{"position":{"xCoord":457,"yCoord":61,"zCoord":-581}},{"position":{"xCoord":456,"yCoord":61,"zCoord":-583}},{"position":{"xCoord":455,"yCoord":61,"zCoord":-583}},{"position":{"xCoord":458,"yCoord":61,"zCoord":-583}},{"position":{"xCoord":455,"yCoord":61,"zCoord":-585}},{"position":{"xCoord":458,"yCoord":61,"zCoord":-585}},{"position":{"xCoord":457,"yCoord":61,"zCoord":-585}},{"position":{"xCoord":456,"yCoord":61,"zCoord":-586}},{"position":{"xCoord":456,"yCoord":61,"zCoord":-588}},{"position":{"xCoord":452,"yCoord":61,"zCoord":-585}},{"position":{"xCoord":452,"yCoord":61,"zCoord":-583}},{"position":{"xCoord":451,"yCoord":61,"zCoord":-583}},{"position":{"xCoord":451,"yCoord":61,"zCoord":-584}},{"position":{"xCoord":451,"yCoord":61,"zCoord":-586}},{"position":{"xCoord":449,"yCoord":61,"zCoord":-585}},{"position":{"xCoord":451,"yCoord":61,"zCoord":-589}},{"position":{"xCoord":451,"yCoord":61,"zCoord":-587}},{"position":{"xCoord":451,"yCoord":61,"zCoord":-588}},{"position":{"xCoord":452,"yCoord":61,"zCoord":-589}},{"position":{"xCoord":453,"yCoord":61,"zCoord":-589}},{"position":{"xCoord":453,"yCoord":61,"zCoord":-591}},{"position":{"xCoord":455,"yCoord":61,"zCoord":-589}},{"position":{"xCoord":454,"yCoord":61,"zCoord":-587}},{"position":{"xCoord":458,"yCoord":61,"zCoord":-591}},{"position":{"xCoord":460,"yCoord":61,"zCoord":-592}},{"position":{"xCoord":458,"yCoord":61,"zCoord":-589}},{"position":{"xCoord":458,"yCoord":61,"zCoord":-593}},{"position":{"xCoord":457,"yCoord":61,"zCoord":-593}},{"position":{"xCoord":457,"yCoord":61,"zCoord":-592}},{"position":{"xCoord":458,"yCoord":61,"zCoord":-592}},{"position":{"xCoord":456,"yCoord":61,"zCoord":-592}},{"position":{"xCoord":455,"yCoord":61,"zCoord":-592}},{"position":{"xCoord":456,"yCoord":61,"zCoord":-590}},{"position":{"xCoord":457,"yCoord":61,"zCoord":-589}},{"position":{"xCoord":453,"yCoord":61,"zCoord":-595}},{"position":{"xCoord":455,"yCoord":61,"zCoord":-595}},{"position":{"xCoord":451,"yCoord":61,"zCoord":-595}},{"position":{"xCoord":449,"yCoord":61,"zCoord":-595}},{"position":{"xCoord":451,"yCoord":61,"zCoord":-597}},{"position":{"xCoord":453,"yCoord":61,"zCoord":-597}},{"position":{"xCoord":455,"yCoord":61,"zCoord":-597}},{"position":{"xCoord":451,"yCoord":61,"zCoord":-599}},{"position":{"xCoord":451,"yCoord":61,"zCoord":-600}},{"position":{"xCoord":453,"yCoord":61,"zCoord":-600}},{"position":{"xCoord":453,"yCoord":61,"zCoord":-599}},{"position":{"xCoord":455,"yCoord":61,"zCoord":-599}},{"position":{"xCoord":455,"yCoord":61,"zCoord":-600}},{"position":{"xCoord":456,"yCoord":61,"zCoord":-597}},{"position":{"xCoord":457,"yCoord":61,"zCoord":-600}},{"position":{"xCoord":457,"yCoord":61,"zCoord":-599}},{"position":{"xCoord":458,"yCoord":61,"zCoord":-599}},{"position":{"xCoord":457,"yCoord":61,"zCoord":-602}},{"position":{"xCoord":458,"yCoord":61,"zCoord":-602}},{"position":{"xCoord":458,"yCoord":61,"zCoord":-604}},{"position":{"xCoord":457,"yCoord":61,"zCoord":-604}},{"position":{"xCoord":456,"yCoord":61,"zCoord":-606}},{"position":{"xCoord":455,"yCoord":61,"zCoord":-602}},{"position":{"xCoord":455,"yCoord":61,"zCoord":-604}},{"position":{"xCoord":453,"yCoord":61,"zCoord":-604}},{"position":{"xCoord":453,"yCoord":61,"zCoord":-602}},{"position":{"xCoord":451,"yCoord":61,"zCoord":-602}},{"position":{"xCoord":451,"yCoord":61,"zCoord":-604}},{"position":{"xCoord":449,"yCoord":61,"zCoord":-603}},{"position":{"xCoord":456,"yCoord":62,"zCoord":-595}},{"position":{"xCoord":457,"yCoord":62,"zCoord":-596}},{"position":{"xCoord":457,"yCoord":63,"zCoord":-597}},{"position":{"xCoord":457,"yCoord":64,"zCoord":-598}},{"position":{"xCoord":457,"yCoord":65,"zCoord":-599}},{"position":{"xCoord":457,"yCoord":66,"zCoord":-601}},{"position":{"xCoord":457,"yCoord":66,"zCoord":-600}},{"position":{"xCoord":458,"yCoord":66,"zCoord":-602}},{"position":{"xCoord":460,"yCoord":66,"zCoord":-603}},{"position":{"xCoord":457,"yCoord":66,"zCoord":-602}},{"position":{"xCoord":454,"yCoord":66,"zCoord":-602}},{"position":{"xCoord":453,"yCoord":66,"zCoord":-601}},{"position":{"xCoord":452,"yCoord":66,"zCoord":-600}},{"position":{"xCoord":451,"yCoord":66,"zCoord":-599}},{"position":{"xCoord":451,"yCoord":66,"zCoord":-595}},{"position":{"xCoord":457,"yCoord":66,"zCoord":-605}},{"position":{"xCoord":458,"yCoord":66,"zCoord":-605}},{"position":{"xCoord":455,"yCoord":66,"zCoord":-605}},{"position":{"xCoord":451,"yCoord":66,"zCoord":-605}},{"position":{"xCoord":452,"yCoord":66,"zCoord":-603}},{"position":{"xCoord":451,"yCoord":66,"zCoord":-601}},{"position":{"xCoord":456,"yCoord":66,"zCoord":-607}},{"position":{"xCoord":460,"yCoord":66,"zCoord":-601}},{"position":{"xCoord":460,"yCoord":66,"zCoord":-599}},{"position":{"xCoord":460,"yCoord":65,"zCoord":-598}},{"position":{"xCoord":460,"yCoord":64,"zCoord":-597}},{"position":{"xCoord":460,"yCoord":63,"zCoord":-596}},{"position":{"xCoord":460,"yCoord":62,"zCoord":-595}},{"position":{"xCoord":460,"yCoord":61,"zCoord":-594}},{"position":{"xCoord":462,"yCoord":61,"zCoord":-594}},{"position":{"xCoord":468,"yCoord":61,"zCoord":-594}},{"position":{"xCoord":472,"yCoord":61,"zCoord":-594}},{"position":{"xCoord":472,"yCoord":61,"zCoord":-596}},{"position":{"xCoord":473,"yCoord":61,"zCoord":-591}},{"position":{"xCoord":473,"yCoord":61,"zCoord":-593}},{"position":{"xCoord":472,"yCoord":61,"zCoord":-587}},{"position":{"xCoord":472,"yCoord":61,"zCoord":-586}},{"position":{"xCoord":464,"yCoord":61,"zCoord":-589}},{"position":{"xCoord":462,"yCoord":61,"zCoord":-590}},{"position":{"xCoord":461,"yCoord":61,"zCoord":-591}},{"position":{"xCoord":469,"yCoord":61,"zCoord":-586}},{"position":{"xCoord":468,"yCoord":59,"zCoord":-621}},{"position":{"xCoord":467,"yCoord":59,"zCoord":-621}},{"position":{"xCoord":466,"yCoord":60,"zCoord":-621}},{"position":{"xCoord":466,"yCoord":61,"zCoord":-620}},{"position":{"xCoord":464,"yCoord":61,"zCoord":-619}},{"position":{"xCoord":465,"yCoord":61,"zCoord":-620}},{"position":{"xCoord":462,"yCoord":61,"zCoord":-617}},{"position":{"xCoord":463,"yCoord":61,"zCoord":-615}},{"position":{"xCoord":462,"yCoord":61,"zCoord":-613}},{"position":{"xCoord":475,"yCoord":61,"zCoord":-599}},{"position":{"xCoord":475,"yCoord":61,"zCoord":-601}},{"position":{"xCoord":473,"yCoord":61,"zCoord":-601}},{"position":{"xCoord":468,"yCoord":61,"zCoord":-601}},{"position":{"xCoord":464,"yCoord":61,"zCoord":-601}},{"position":{"xCoord":461,"yCoord":61,"zCoord":-604}},{"position":{"xCoord":462,"yCoord":61,"zCoord":-606}},{"position":{"xCoord":491,"yCoord":62,"zCoord":-613}},{"position":{"xCoord":489,"yCoord":62,"zCoord":-613}},{"position":{"xCoord":489,"yCoord":62,"zCoord":-614}},{"position":{"xCoord":486,"yCoord":62,"zCoord":-614}},{"position":{"xCoord":485,"yCoord":61,"zCoord":-614}},{"position":{"xCoord":481,"yCoord":61,"zCoord":-612}},{"position":{"xCoord":472,"yCoord":61,"zCoord":-612}},{"position":{"xCoord":469,"yCoord":61,"zCoord":-612}},{"position":{"xCoord":459,"yCoord":61,"zCoord":-613}},{"position":{"xCoord":458,"yCoord":61,"zCoord":-615}},{"position":{"xCoord":459,"yCoord":61,"zCoord":-616}},{"position":{"xCoord":458,"yCoord":61,"zCoord":-616}},{"position":{"xCoord":457,"yCoord":62,"zCoord":-615}},{"position":{"xCoord":456,"yCoord":63,"zCoord":-615}},{"position":{"xCoord":455,"yCoord":64,"zCoord":-615}},{"position":{"xCoord":454,"yCoord":65,"zCoord":-615}},{"position":{"xCoord":453,"yCoord":66,"zCoord":-615}},{"position":{"xCoord":452,"yCoord":66,"zCoord":-615}},{"position":{"xCoord":451,"yCoord":66,"zCoord":-614}},{"position":{"xCoord":452,"yCoord":66,"zCoord":-613}},{"position":{"xCoord":457,"yCoord":61,"zCoord":-564}},{"position":{"xCoord":457,"yCoord":61,"zCoord":-567}},{"position":{"xCoord":460,"yCoord":61,"zCoord":-564}},{"position":{"xCoord":457,"yCoord":61,"zCoord":-572}},{"position":{"xCoord":456,"yCoord":61,"zCoord":-576}},{"position":{"xCoord":446,"yCoord":61,"zCoord":-583}},{"position":{"xCoord":433,"yCoord":61,"zCoord":-586}},{"position":{"xCoord":430,"yCoord":61,"zCoord":-595}},{"position":{"xCoord":430,"yCoord":61,"zCoord":-603}},{"position":{"xCoord":459,"yCoord":61,"zCoord":-606}},{"position":{"xCoord":460,"yCoord":62,"zCoord":-606}},{"position":{"xCoord":460,"yCoord":61,"zCoord":-607}},{"position":{"xCoord":461,"yCoord":61,"zCoord":-606}},{"position":{"xCoord":461,"yCoord":61,"zCoord":-607}},{"position":{"xCoord":459,"yCoord":61,"zCoord":-607}},{"position":{"xCoord":463,"yCoord":61,"zCoord":-606}},{"position":{"xCoord":463,"yCoord":61,"zCoord":-607}},{"position":{"xCoord":464,"yCoord":61,"zCoord":-607}},{"position":{"xCoord":465,"yCoord":61,"zCoord":-607}},{"position":{"xCoord":465,"yCoord":61,"zCoord":-606}},{"position":{"xCoord":464,"yCoord":62,"zCoord":-606}},{"position":{"xCoord":468,"yCoord":61,"zCoord":-606}},{"position":{"xCoord":468,"yCoord":61,"zCoord":-607}},{"position":{"xCoord":469,"yCoord":61,"zCoord":-607}},{"position":{"xCoord":469,"yCoord":62,"zCoord":-606}},{"position":{"xCoord":465,"yCoord":61,"zCoord":-608}},{"position":{"xCoord":466,"yCoord":61,"zCoord":-608}},{"position":{"xCoord":466,"yCoord":61,"zCoord":-609}},{"position":{"xCoord":465,"yCoord":62,"zCoord":-609}},{"position":{"xCoord":464,"yCoord":61,"zCoord":-608}},{"position":{"xCoord":464,"yCoord":61,"zCoord":-609}},{"position":{"xCoord":464,"yCoord":61,"zCoord":-610}},{"position":{"xCoord":465,"yCoord":61,"zCoord":-610}},{"position":{"xCoord":464,"yCoord":61,"zCoord":-611}},{"position":{"xCoord":465,"yCoord":62,"zCoord":-611}},{"position":{"xCoord":465,"yCoord":61,"zCoord":-612}},{"position":{"xCoord":464,"yCoord":61,"zCoord":-612}},{"position":{"xCoord":466,"yCoord":61,"zCoord":-611}},{"position":{"xCoord":466,"yCoord":61,"zCoord":-612}},{"position":{"xCoord":467,"yCoord":61,"zCoord":-612}},{"position":{"xCoord":468,"yCoord":61,"zCoord":-612}},{"position":{"xCoord":468,"yCoord":61,"zCoord":-611}},{"position":{"xCoord":468,"yCoord":61,"zCoord":-610}},{"position":{"xCoord":467,"yCoord":62,"zCoord":-611}},{"position":{"xCoord":467,"yCoord":61,"zCoord":-610}},{"position":{"xCoord":469,"yCoord":61,"zCoord":-613}},{"position":{"xCoord":462,"yCoord":61,"zCoord":-611}},{"position":{"xCoord":462,"yCoord":61,"zCoord":-612}},{"position":{"xCoord":461,"yCoord":61,"zCoord":-612}},{"position":{"xCoord":460,"yCoord":61,"zCoord":-611}},{"position":{"xCoord":460,"yCoord":61,"zCoord":-612}},{"position":{"xCoord":461,"yCoord":61,"zCoord":-610}},{"position":{"xCoord":460,"yCoord":61,"zCoord":-610}},{"position":{"xCoord":460,"yCoord":61,"zCoord":-609}},{"position":{"xCoord":460,"yCoord":61,"zCoord":-608}},{"position":{"xCoord":461,"yCoord":61,"zCoord":-608}},{"position":{"xCoord":462,"yCoord":61,"zCoord":-608}},{"position":{"xCoord":462,"yCoord":61,"zCoord":-609}},{"position":{"xCoord":461,"yCoord":62,"zCoord":-609}},{"position":{"xCoord":461,"yCoord":62,"zCoord":-611}},{"position":{"xCoord":459,"yCoord":61,"zCoord":-610}},{"position":{"xCoord":459,"yCoord":62,"zCoord":-609}},{"position":{"xCoord":458,"yCoord":61,"zCoord":-609}},{"position":{"xCoord":458,"yCoord":61,"zCoord":-608}},{"position":{"xCoord":459,"yCoord":61,"zCoord":-608}},{"position":{"xCoord":457,"yCoord":61,"zCoord":-608}},{"position":{"xCoord":456,"yCoord":61,"zCoord":-608}},{"position":{"xCoord":456,"yCoord":61,"zCoord":-609}},{"position":{"xCoord":456,"yCoord":61,"zCoord":-610}},{"position":{"xCoord":457,"yCoord":61,"zCoord":-610}},{"position":{"xCoord":457,"yCoord":62,"zCoord":-609}},{"position":{"xCoord":454,"yCoord":61,"zCoord":-609}},{"position":{"xCoord":454,"yCoord":61,"zCoord":-607}},{"position":{"xCoord":455,"yCoord":61,"zCoord":-606}},{"position":{"xCoord":455,"yCoord":61,"zCoord":-607}},{"position":{"xCoord":454,"yCoord":61,"zCoord":-611}},{"position":{"xCoord":454,"yCoord":61,"zCoord":-612}},{"position":{"xCoord":455,"yCoord":61,"zCoord":-612}},{"position":{"xCoord":455,"yCoord":61,"zCoord":-611}},{"position":{"xCoord":455,"yCoord":61,"zCoord":-609}},{"position":{"xCoord":455,"yCoord":61,"zCoord":-613}},{"position":{"xCoord":457,"yCoord":61,"zCoord":-612}},{"position":{"xCoord":452,"yCoord":66,"zCoord":-611}},{"position":{"xCoord":452,"yCoord":66,"zCoord":-609}},{"position":{"xCoord":452,"yCoord":66,"zCoord":-607}},{"position":{"xCoord":455,"yCoord":66,"zCoord":-609}},{"position":{"xCoord":455,"yCoord":66,"zCoord":-611}},{"position":{"xCoord":459,"yCoord":66,"zCoord":-611}},{"position":{"xCoord":457,"yCoord":66,"zCoord":-611}},{"position":{"xCoord":457,"yCoord":66,"zCoord":-609}},{"position":{"xCoord":459,"yCoord":66,"zCoord":-609}},{"position":{"xCoord":462,"yCoord":66,"zCoord":-609}},{"position":{"xCoord":461,"yCoord":66,"zCoord":-609}},{"position":{"xCoord":461,"yCoord":66,"zCoord":-611}},{"position":{"xCoord":463,"yCoord":66,"zCoord":-611}},{"position":{"xCoord":463,"yCoord":66,"zCoord":-609}},{"position":{"xCoord":465,"yCoord":66,"zCoord":-609}},{"position":{"xCoord":465,"yCoord":66,"zCoord":-611}},{"position":{"xCoord":467,"yCoord":66,"zCoord":-611}},{"position":{"xCoord":467,"yCoord":66,"zCoord":-609}},{"position":{"xCoord":469,"yCoord":66,"zCoord":-609}},{"position":{"xCoord":469,"yCoord":66,"zCoord":-607}},{"position":{"xCoord":469,"yCoord":66,"zCoord":-611}},{"position":{"xCoord":468,"yCoord":66,"zCoord":-613}},{"position":{"xCoord":469,"yCoord":66,"zCoord":-615}},{"position":{"xCoord":467,"yCoord":66,"zCoord":-607}},{"position":{"xCoord":465,"yCoord":66,"zCoord":-607}},{"position":{"xCoord":463,"yCoord":66,"zCoord":-607}},{"position":{"xCoord":462,"yCoord":66,"zCoord":-607}},{"position":{"xCoord":459,"yCoord":66,"zCoord":-607}},{"position":{"xCoord":468,"yCoord":66,"zCoord":-611}},{"position":{"xCoord":460,"yCoord":66,"zCoord":-613}},{"position":{"xCoord":461,"yCoord":66,"zCoord":-615}},{"position":{"xCoord":461,"yCoord":66,"zCoord":-613}},{"position":{"xCoord":454,"yCoord":66,"zCoord":-613}},{"position":{"xCoord":456,"yCoord":66,"zCoord":-613}},{"position":{"xCoord":458,"yCoord":66,"zCoord":-613}},{"position":{"xCoord":448,"yCoord":61,"zCoord":-595}},{"position":{"xCoord":471,"yCoord":61,"zCoord":-611}},{"position":{"xCoord":475,"yCoord":61,"zCoord":-612}},{"position":{"xCoord":465,"yCoord":66,"zCoord":-629}},{"position":{"xCoord":463,"yCoord":66,"zCoord":-629}},{"position":{"xCoord":463,"yCoord":66,"zCoord":-623}},{"position":{"xCoord":461,"yCoord":66,"zCoord":-619}},{"position":{"xCoord":476,"yCoord":68,"zCoord":-629}},{"position":{"xCoord":475,"yCoord":68,"zCoord":-629}},{"position":{"xCoord":475,"yCoord":68,"zCoord":-628}},{"position":{"xCoord":474,"yCoord":69,"zCoord":-628}},{"position":{"xCoord":473,"yCoord":69,"zCoord":-628}},{"position":{"xCoord":473,"yCoord":69,"zCoord":-627}},{"position":{"xCoord":472,"yCoord":69,"zCoord":-627}},{"position":{"xCoord":472,"yCoord":68,"zCoord":-626}},{"position":{"xCoord":471,"yCoord":68,"zCoord":-626}},{"position":{"xCoord":471,"yCoord":67,"zCoord":-625}},{"position":{"xCoord":470,"yCoord":67,"zCoord":-625}},{"position":{"xCoord":470,"yCoord":66,"zCoord":-624}},{"position":{"xCoord":469,"yCoord":66,"zCoord":-619}},{"position":{"xCoord":451,"yCoord":61,"zCoord":-622}},{"position":{"xCoord":452,"yCoord":62,"zCoord":-622}},{"position":{"xCoord":453,"yCoord":63,"zCoord":-622}},{"position":{"xCoord":454,"yCoord":64,"zCoord":-622}},{"position":{"xCoord":455,"yCoord":65,"zCoord":-622}},{"position":{"xCoord":456,"yCoord":66,"zCoord":-622}},{"position":{"xCoord":447,"yCoord":61,"zCoord":-618}},{"position":{"xCoord":446,"yCoord":61,"zCoord":-605}},{"position":{"xCoord":435,"yCoord":61,"zCoord":-601}},{"position":{"xCoord":439,"yCoord":61,"zCoord":-601}},{"position":{"xCoord":438,"yCoord":61,"zCoord":-599}},{"position":{"xCoord":435,"yCoord":61,"zCoord":-599}},{"position":{"xCoord":434,"yCoord":61,"zCoord":-579}},{"position":{"xCoord":434,"yCoord":61,"zCoord":-577}},{"position":{"xCoord":436,"yCoord":61,"zCoord":-577}},{"position":{"xCoord":435,"yCoord":61,"zCoord":-592}},{"position":{"xCoord":435,"yCoord":61,"zCoord":-590}},{"position":{"xCoord":440,"yCoord":61,"zCoord":-590}}],"nodeConnections":[{"n1":{"position":{"xCoord":456,"yCoord":61,"zCoord":-587}},"n2":{"position":{"xCoord":457,"yCoord":62,"zCoord":-587}}},{"n1":{"position":{"xCoord":457,"yCoord":61,"zCoord":-586}},"n2":{"position":{"xCoord":457,"yCoord":62,"zCoord":-587}}},{"n1":{"position":{"xCoord":457,"yCoord":62,"zCoord":-587}},"n2":{"position":{"xCoord":458,"yCoord":62,"zCoord":-587}}},{"n1":{"position":{"xCoord":453,"yCoord":61,"zCoord":-585}},"n2":{"position":{"xCoord":453,"yCoord":62,"zCoord":-584}}},{"n1":{"position":{"xCoord":452,"yCoord":61,"zCoord":-584}},"n2":{"position":{"xCoord":453,"yCoord":62,"zCoord":-584}}},{"n1":{"position":{"xCoord":453,"yCoord":62,"zCoord":-584}},"n2":{"position":{"xCoord":453,"yCoord":63,"zCoord":-583}}},{"n1":{"position":{"xCoord":453,"yCoord":62,"zCoord":-584}},"n2":{"position":{"xCoord":454,"yCoord":63,"zCoord":-584}}},{"n1":{"position":{"xCoord":457,"yCoord":61,"zCoord":-581}},"n2":{"position":{"xCoord":456,"yCoord":61,"zCoord":-583}}},{"n1":{"position":{"xCoord":455,"yCoord":61,"zCoord":-583}},"n2":{"position":{"xCoord":456,"yCoord":61,"zCoord":-583}}},{"n1":{"position":{"xCoord":458,"yCoord":61,"zCoord":-583}},"n2":{"position":{"xCoord":456,"yCoord":61,"zCoord":-583}}},{"n1":{"position":{"xCoord":455,"yCoord":61,"zCoord":-585}},"n2":{"position":{"xCoord":455,"yCoord":61,"zCoord":-583}}},{"n1":{"position":{"xCoord":458,"yCoord":61,"zCoord":-585}},"n2":{"position":{"xCoord":458,"yCoord":61,"zCoord":-583}}},{"n1":{"position":{"xCoord":458,"yCoord":61,"zCoord":-583}},"n2":{"position":{"xCoord":455,"yCoord":61,"zCoord":-585}}},{"n1":{"position":{"xCoord":456,"yCoord":61,"zCoord":-583}},"n2":{"position":{"xCoord":458,"yCoord":61,"zCoord":-585}}},{"n1":{"position":{"xCoord":455,"yCoord":61,"zCoord":-583}},"n2":{"position":{"xCoord":458,"yCoord":61,"zCoord":-585}}},{"n1":{"position":{"xCoord":456,"yCoord":61,"zCoord":-583}},"n2":{"position":{"xCoord":455,"yCoord":61,"zCoord":-585}}},{"n1":{"position":{"xCoord":456,"yCoord":61,"zCoord":-583}},"n2":{"position":{"xCoord":457,"yCoord":61,"zCoord":-586}}},{"n1":{"position":{"xCoord":458,"yCoord":61,"zCoord":-585}},"n2":{"position":{"xCoord":457,"yCoord":61,"zCoord":-585}}},{"n1":{"position":{"xCoord":457,"yCoord":61,"zCoord":-585}},"n2":{"position":{"xCoord":457,"yCoord":61,"zCoord":-586}}},{"n1":{"position":{"xCoord":457,"yCoord":61,"zCoord":-585}},"n2":{"position":{"xCoord":455,"yCoord":61,"zCoord":-585}}},{"n1":{"position":{"xCoord":456,"yCoord":61,"zCoord":-583}},"n2":{"position":{"xCoord":457,"yCoord":61,"zCoord":-585}}},{"n1":{"position":{"xCoord":457,"yCoord":61,"zCoord":-585}},"n2":{"position":{"xCoord":455,"yCoord":61,"zCoord":-583}}},{"n1":{"position":{"xCoord":457,"yCoord":61,"zCoord":-585}},"n2":{"position":{"xCoord":458,"yCoord":61,"zCoord":-583}}},{"n1":{"position":{"xCoord":455,"yCoord":61,"zCoord":-585}},"n2":{"position":{"xCoord":456,"yCoord":61,"zCoord":-587}}},{"n1":{"position":{"xCoord":455,"yCoord":61,"zCoord":-585}},"n2":{"position":{"xCoord":457,"yCoord":61,"zCoord":-586}}},{"n1":{"position":{"xCoord":456,"yCoord":61,"zCoord":-587}},"n2":{"position":{"xCoord":456,"yCoord":61,"zCoord":-586}}},{"n1":{"position":{"xCoord":456,"yCoord":61,"zCoord":-586}},"n2":{"position":{"xCoord":457,"yCoord":61,"zCoord":-586}}},{"n1":{"position":{"xCoord":456,"yCoord":61,"zCoord":-588}},"n2":{"position":{"xCoord":457,"yCoord":61,"zCoord":-588}}},{"n1":{"position":{"xCoord":456,"yCoord":61,"zCoord":-588}},"n2":{"position":{"xCoord":456,"yCoord":61,"zCoord":-587}}},{"n1":{"position":{"xCoord":456,"yCoord":61,"zCoord":-588}},"n2":{"position":{"xCoord":455,"yCoord":61,"zCoord":-585}}},{"n1":{"position":{"xCoord":456,"yCoord":61,"zCoord":-586}},"n2":{"position":{"xCoord":455,"yCoord":61,"zCoord":-585}}},{"n1":{"position":{"xCoord":455,"yCoord":61,"zCoord":-585}},"n2":{"position":{"xCoord":453,"yCoord":61,"zCoord":-585}}},{"n1":{"position":{"xCoord":453,"yCoord":61,"zCoord":-585}},"n2":{"position":{"xCoord":452,"yCoord":61,"zCoord":-585}}},{"n1":{"position":{"xCoord":452,"yCoord":61,"zCoord":-585}},"n2":{"position":{"xCoord":452,"yCoord":61,"zCoord":-584}}},{"n1":{"position":{"xCoord":452,"yCoord":61,"zCoord":-584}},"n2":{"position":{"xCoord":452,"yCoord":61,"zCoord":-583}}},{"n1":{"position":{"xCoord":452,"yCoord":61,"zCoord":-583}},"n2":{"position":{"xCoord":451,"yCoord":61,"zCoord":-583}}},{"n1":{"position":{"xCoord":451,"yCoord":61,"zCoord":-583}},"n2":{"position":{"xCoord":452,"yCoord":61,"zCoord":-584}}},{"n1":{"position":{"xCoord":451,"yCoord":61,"zCoord":-583}},"n2":{"position":{"xCoord":452,"yCoord":61,"zCoord":-585}}},{"n1":{"position":{"xCoord":451,"yCoord":61,"zCoord":-584}},"n2":{"position":{"xCoord":451,"yCoord":61,"zCoord":-583}}},{"n1":{"position":{"xCoord":451,"yCoord":61,"zCoord":-584}},"n2":{"position":{"xCoord":452,"yCoord":61,"zCoord":-585}}},{"n1":{"position":{"xCoord":451,"yCoord":61,"zCoord":-586}},"n2":{"position":{"xCoord":452,"yCoord":61,"zCoord":-585}}},{"n1":{"position":{"xCoord":451,"yCoord":61,"zCoord":-586}},"n2":{"position":{"xCoord":451,"yCoord":61,"zCoord":-584}}},{"n1":{"position":{"xCoord":451,"yCoord":61,"zCoord":-586}},"n2":{"position":{"xCoord":452,"yCoord":61,"zCoord":-584}}},{"n1":{"position":{"xCoord":449,"yCoord":61,"zCoord":-585}},"n2":{"position":{"xCoord":451,"yCoord":61,"zCoord":-586}}},{"n1":{"position":{"xCoord":451,"yCoord":61,"zCoord":-586}},"n2":{"position":{"xCoord":451,"yCoord":61,"zCoord":-587}}},{"n1":{"position":{"xCoord":451,"yCoord":61,"zCoord":-587}},"n2":{"position":{"xCoord":451,"yCoord":61,"zCoord":-588}}},{"n1":{"position":{"xCoord":451,"yCoord":61,"zCoord":-588}},"n2":{"position":{"xCoord":451,"yCoord":61,"zCoord":-589}}},{"n1":{"position":{"xCoord":452,"yCoord":61,"zCoord":-589}},"n2":{"position":{"xCoord":451,"yCoord":61,"zCoord":-589}}},{"n1":{"position":{"xCoord":453,"yCoord":61,"zCoord":-589}},"n2":{"position":{"xCoord":452,"yCoord":61,"zCoord":-589}}},{"n1":{"position":{"xCoord":453,"yCoord":61,"zCoord":-591}},"n2":{"position":{"xCoord":453,"yCoord":61,"zCoord":-589}}},{"n1":{"position":{"xCoord":455,"yCoord":61,"zCoord":-589}},"n2":{"position":{"xCoord":456,"yCoord":61,"zCoord":-588}}},{"n1":{"position":{"xCoord":457,"yCoord":61,"zCoord":-588}},"n2":{"position":{"xCoord":455,"yCoord":61,"zCoord":-589}}},{"n1":{"position":{"xCoord":455,"yCoord":61,"zCoord":-589}},"n2":{"position":{"xCoord":453,"yCoord":61,"zCoord":-589}}},{"n1":{"position":{"xCoord":453,"yCoord":61,"zCoord":-589}},"n2":{"position":{"xCoord":451,"yCoord":61,"zCoord":-588}}},{"n1":{"position":{"xCoord":452,"yCoord":61,"zCoord":-589}},"n2":{"position":{"xCoord":451,"yCoord":61,"zCoord":-588}}},{"n1":{"position":{"xCoord":451,"yCoord":61,"zCoord":-587}},"n2":{"position":{"xCoord":452,"yCoord":61,"zCoord":-589}}},{"n1":{"position":{"xCoord":451,"yCoord":61,"zCoord":-587}},"n2":{"position":{"xCoord":453,"yCoord":61,"zCoord":-589}}},{"n1":{"position":{"xCoord":455,"yCoord":61,"zCoord":-589}},"n2":{"position":{"xCoord":454,"yCoord":61,"zCoord":-587}}},{"n1":{"position":{"xCoord":454,"yCoord":61,"zCoord":-587}},"n2":{"position":{"xCoord":453,"yCoord":61,"zCoord":-589}}},{"n1":{"position":{"xCoord":454,"yCoord":61,"zCoord":-587}},"n2":{"position":{"xCoord":456,"yCoord":61,"zCoord":-588}}},{"n1":{"position":{"xCoord":454,"yCoord":61,"zCoord":-587}},"n2":{"position":{"xCoord":456,"yCoord":61,"zCoord":-587}}},{"n1":{"position":{"xCoord":454,"yCoord":61,"zCoord":-587}},"n2":{"position":{"xCoord":456,"yCoord":61,"zCoord":-586}}},{"n1":{"position":{"xCoord":454,"yCoord":61,"zCoord":-587}},"n2":{"position":{"xCoord":455,"yCoord":61,"zCoord":-585}}},{"n1":{"position":{"xCoord":454,"yCoord":61,"zCoord":-587}},"n2":{"position":{"xCoord":452,"yCoord":61,"zCoord":-585}}},{"n1":{"position":{"xCoord":454,"yCoord":61,"zCoord":-587}},"n2":{"position":{"xCoord":453,"yCoord":61,"zCoord":-585}}},{"n1":{"position":{"xCoord":454,"yCoord":61,"zCoord":-587}},"n2":{"position":{"xCoord":451,"yCoord":61,"zCoord":-586}}},{"n1":{"position":{"xCoord":454,"yCoord":61,"zCoord":-587}},"n2":{"position":{"xCoord":451,"yCoord":61,"zCoord":-587}}},{"n1":{"position":{"xCoord":454,"yCoord":61,"zCoord":-587}},"n2":{"position":{"xCoord":451,"yCoord":61,"zCoord":-588}}},{"n1":{"position":{"xCoord":454,"yCoord":61,"zCoord":-587}},"n2":{"position":{"xCoord":452,"yCoord":61,"zCoord":-589}}},{"n1":{"position":{"xCoord":454,"yCoord":61,"zCoord":-587}},"n2":{"position":{"xCoord":453,"yCoord":61,"zCoord":-591}}},{"n1":{"position":{"xCoord":460,"yCoord":61,"zCoord":-592}},"n2":{"position":{"xCoord":458,"yCoord":61,"zCoord":-591}}},{"n1":{"position":{"xCoord":458,"yCoord":61,"zCoord":-591}},"n2":{"position":{"xCoord":458,"yCoord":61,"zCoord":-589}}},{"n1":{"position":{"xCoord":458,"yCoord":61,"zCoord":-591}},"n2":{"position":{"xCoord":458,"yCoord":61,"zCoord":-592}}},{"n1":{"position":{"xCoord":458,"yCoord":61,"zCoord":-592}},"n2":{"position":{"xCoord":457,"yCoord":61,"zCoord":-592}}},{"n1":{"position":{"xCoord":457,"yCoord":61,"zCoord":-592}},"n2":{"position":{"xCoord":457,"yCoord":61,"zCoord":-593}}},{"n1":{"position":{"xCoord":457,"yCoord":61,"zCoord":-593}},"n2":{"position":{"xCoord":458,"yCoord":61,"zCoord":-593}}},{"n1":{"position":{"xCoord":458,"yCoord":61,"zCoord":-593}},"n2":{"position":{"xCoord":458,"yCoord":61,"zCoord":-592}}},{"n1":{"position":{"xCoord":458,"yCoord":61,"zCoord":-592}},"n2":{"position":{"xCoord":457,"yCoord":61,"zCoord":-593}}},{"n1":{"position":{"xCoord":457,"yCoord":61,"zCoord":-592}},"n2":{"position":{"xCoord":458,"yCoord":61,"zCoord":-593}}},{"n1":{"position":{"xCoord":456,"yCoord":61,"zCoord":-592}},"n2":{"position":{"xCoord":457,"yCoord":61,"zCoord":-592}}},{"n1":{"position":{"xCoord":456,"yCoord":61,"zCoord":-592}},"n2":{"position":{"xCoord":458,"yCoord":61,"zCoord":-591}}},{"n1":{"position":{"xCoord":455,"yCoord":61,"zCoord":-592}},"n2":{"position":{"xCoord":453,"yCoord":61,"zCoord":-591}}},{"n1":{"position":{"xCoord":455,"yCoord":61,"zCoord":-592}},"n2":{"position":{"xCoord":456,"yCoord":61,"zCoord":-592}}},{"n1":{"position":{"xCoord":456,"yCoord":61,"zCoord":-592}},"n2":{"position":{"xCoord":458,"yCoord":61,"zCoord":-589}}},{"n1":{"position":{"xCoord":456,"yCoord":61,"zCoord":-590}},"n2":{"position":{"xCoord":456,"yCoord":61,"zCoord":-592}}},{"n1":{"position":{"xCoord":456,"yCoord":61,"zCoord":-590}},"n2":{"position":{"xCoord":457,"yCoord":61,"zCoord":-592}}},{"n1":{"position":{"xCoord":456,"yCoord":61,"zCoord":-590}},"n2":{"position":{"xCoord":458,"yCoord":61,"zCoord":-591}}},{"n1":{"position":{"xCoord":456,"yCoord":61,"zCoord":-590}},"n2":{"position":{"xCoord":458,"yCoord":61,"zCoord":-589}}},{"n1":{"position":{"xCoord":456,"yCoord":61,"zCoord":-590}},"n2":{"position":{"xCoord":457,"yCoord":61,"zCoord":-588}}},{"n1":{"position":{"xCoord":457,"yCoord":61,"zCoord":-589}},"n2":{"position":{"xCoord":457,"yCoord":61,"zCoord":-588}}},{"n1":{"position":{"xCoord":457,"yCoord":61,"zCoord":-589}},"n2":{"position":{"xCoord":458,"yCoord":61,"zCoord":-589}}},{"n1":{"position":{"xCoord":457,"yCoord":61,"zCoord":-589}},"n2":{"position":{"xCoord":456,"yCoord":61,"zCoord":-590}}},{"n1":{"position":{"xCoord":456,"yCoord":61,"zCoord":-590}},"n2":{"position":{"xCoord":455,"yCoord":61,"zCoord":-589}}},{"n1":{"position":{"xCoord":455,"yCoord":61,"zCoord":-589}},"n2":{"position":{"xCoord":453,"yCoord":61,"zCoord":-591}}},{"n1":{"position":{"xCoord":455,"yCoord":61,"zCoord":-589}},"n2":{"position":{"xCoord":455,"yCoord":61,"zCoord":-592}}},{"n1":{"position":{"xCoord":456,"yCoord":61,"zCoord":-590}},"n2":{"position":{"xCoord":455,"yCoord":61,"zCoord":-592}}},{"n1":{"position":{"xCoord":456,"yCoord":61,"zCoord":-590}},"n2":{"position":{"xCoord":453,"yCoord":61,"zCoord":-591}}},{"n1":{"position":{"xCoord":455,"yCoord":61,"zCoord":-595}},"n2":{"position":{"xCoord":455,"yCoord":61,"zCoord":-592}}},{"n1":{"position":{"xCoord":453,"yCoord":61,"zCoord":-591}},"n2":{"position":{"xCoord":453,"yCoord":61,"zCoord":-595}}},{"n1":{"position":{"xCoord":453,"yCoord":61,"zCoord":-595}},"n2":{"position":{"xCoord":455,"yCoord":61,"zCoord":-595}}},{"n1":{"position":{"xCoord":449,"yCoord":61,"zCoord":-595}},"n2":{"position":{"xCoord":451,"yCoord":61,"zCoord":-595}}},{"n1":{"position":{"xCoord":451,"yCoord":61,"zCoord":-595}},"n2":{"position":{"xCoord":453,"yCoord":61,"zCoord":-595}}},{"n1":{"position":{"xCoord":451,"yCoord":61,"zCoord":-597}},"n2":{"position":{"xCoord":451,"yCoord":61,"zCoord":-595}}},{"n1":{"position":{"xCoord":451,"yCoord":61,"zCoord":-597}},"n2":{"position":{"xCoord":453,"yCoord":61,"zCoord":-597}}},{"n1":{"position":{"xCoord":453,"yCoord":61,"zCoord":-597}},"n2":{"position":{"xCoord":453,"yCoord":61,"zCoord":-595}}},{"n1":{"position":{"xCoord":453,"yCoord":61,"zCoord":-597}},"n2":{"position":{"xCoord":451,"yCoord":61,"zCoord":-595}}},{"n1":{"position":{"xCoord":451,"yCoord":61,"zCoord":-597}},"n2":{"position":{"xCoord":453,"yCoord":61,"zCoord":-595}}},{"n1":{"position":{"xCoord":455,"yCoord":61,"zCoord":-597}},"n2":{"position":{"xCoord":455,"yCoord":61,"zCoord":-595}}},{"n1":{"position":{"xCoord":455,"yCoord":61,"zCoord":-597}},"n2":{"position":{"xCoord":453,"yCoord":61,"zCoord":-597}}},{"n1":{"position":{"xCoord":455,"yCoord":61,"zCoord":-597}},"n2":{"position":{"xCoord":453,"yCoord":61,"zCoord":-595}}},{"n1":{"position":{"xCoord":455,"yCoord":61,"zCoord":-595}},"n2":{"position":{"xCoord":453,"yCoord":61,"zCoord":-597}}},{"n1":{"position":{"xCoord":451,"yCoord":61,"zCoord":-599}},"n2":{"position":{"xCoord":451,"yCoord":61,"zCoord":-597}}},{"n1":{"position":{"xCoord":451,"yCoord":61,"zCoord":-600}},"n2":{"position":{"xCoord":451,"yCoord":61,"zCoord":-599}}},{"n1":{"position":{"xCoord":451,"yCoord":61,"zCoord":-600}},"n2":{"position":{"xCoord":453,"yCoord":61,"zCoord":-599}}},{"n1":{"position":{"xCoord":451,"yCoord":61,"zCoord":-599}},"n2":{"position":{"xCoord":453,"yCoord":61,"zCoord":-600}}},{"n1":{"position":{"xCoord":453,"yCoord":61,"zCoord":-600}},"n2":{"position":{"xCoord":451,"yCoord":61,"zCoord":-600}}},{"n1":{"position":{"xCoord":451,"yCoord":61,"zCoord":-599}},"n2":{"position":{"xCoord":453,"yCoord":61,"zCoord":-599}}},{"n1":{"position":{"xCoord":453,"yCoord":61,"zCoord":-599}},"n2":{"position":{"xCoord":453,"yCoord":61,"zCoord":-600}}},{"n1":{"position":{"xCoord":453,"yCoord":61,"zCoord":-599}},"n2":{"position":{"xCoord":453,"yCoord":61,"zCoord":-597}}},{"n1":{"position":{"xCoord":455,"yCoord":61,"zCoord":-599}},"n2":{"position":{"xCoord":453,"yCoord":61,"zCoord":-599}}},{"n1":{"position":{"xCoord":453,"yCoord":61,"zCoord":-599}},"n2":{"position":{"xCoord":455,"yCoord":61,"zCoord":-600}}},{"n1":{"position":{"xCoord":455,"yCoord":61,"zCoord":-599}},"n2":{"position":{"xCoord":455,"yCoord":61,"zCoord":-600}}},{"n1":{"position":{"xCoord":455,"yCoord":61,"zCoord":-599}},"n2":{"position":{"xCoord":453,"yCoord":61,"zCoord":-600}}},{"n1":{"position":{"xCoord":455,"yCoord":61,"zCoord":-600}},"n2":{"position":{"xCoord":453,"yCoord":61,"zCoord":-600}}},{"n1":{"position":{"xCoord":455,"yCoord":61,"zCoord":-597}},"n2":{"position":{"xCoord":455,"yCoord":61,"zCoord":-599}}},{"n1":{"position":{"xCoord":456,"yCoord":61,"zCoord":-597}},"n2":{"position":{"xCoord":455,"yCoord":61,"zCoord":-597}}},{"n1":{"position":{"xCoord":457,"yCoord":61,"zCoord":-599}},"n2":{"position":{"xCoord":455,"yCoord":61,"zCoord":-599}}},{"n1":{"position":{"xCoord":455,"yCoord":61,"zCoord":-599}},"n2":{"position":{"xCoord":457,"yCoord":61,"zCoord":-600}}},{"n1":{"position":{"xCoord":457,"yCoord":61,"zCoord":-600}},"n2":{"position":{"xCoord":457,"yCoord":61,"zCoord":-599}}},{"n1":{"position":{"xCoord":457,"yCoord":61,"zCoord":-600}},"n2":{"position":{"xCoord":455,"yCoord":61,"zCoord":-600}}},{"n1":{"position":{"xCoord":457,"yCoord":61,"zCoord":-599}},"n2":{"position":{"xCoord":455,"yCoord":61,"zCoord":-600}}},{"n1":{"position":{"xCoord":457,"yCoord":61,"zCoord":-599}},"n2":{"position":{"xCoord":458,"yCoord":61,"zCoord":-599}}},{"n1":{"position":{"xCoord":457,"yCoord":61,"zCoord":-600}},"n2":{"position":{"xCoord":458,"yCoord":61,"zCoord":-599}}},{"n1":{"position":{"xCoord":456,"yCoord":61,"zCoord":-606}},"n2":{"position":{"xCoord":457,"yCoord":61,"zCoord":-604}}},{"n1":{"position":{"xCoord":457,"yCoord":61,"zCoord":-604}},"n2":{"position":{"xCoord":458,"yCoord":61,"zCoord":-604}}},{"n1":{"position":{"xCoord":458,"yCoord":61,"zCoord":-599}},"n2":{"position":{"xCoord":458,"yCoord":61,"zCoord":-602}}},{"n1":{"position":{"xCoord":457,"yCoord":61,"zCoord":-600}},"n2":{"position":{"xCoord":458,"yCoord":61,"zCoord":-602}}},{"n1":{"position":{"xCoord":457,"yCoord":61,"zCoord":-602}},"n2":{"position":{"xCoord":457,"yCoord":61,"zCoord":-600}}},{"n1":{"position":{"xCoord":457,"yCoord":61,"zCoord":-602}},"n2":{"position":{"xCoord":458,"yCoord":61,"zCoord":-602}}},{"n1":{"position":{"xCoord":458,"yCoord":61,"zCoord":-604}},"n2":{"position":{"xCoord":458,"yCoord":61,"zCoord":-602}}},{"n1":{"position":{"xCoord":457,"yCoord":61,"zCoord":-602}},"n2":{"position":{"xCoord":458,"yCoord":61,"zCoord":-599}}},{"n1":{"position":{"xCoord":457,"yCoord":61,"zCoord":-602}},"n2":{"position":{"xCoord":457,"yCoord":61,"zCoord":-604}}},{"n1":{"position":{"xCoord":457,"yCoord":61,"zCoord":-604}},"n2":{"position":{"xCoord":458,"yCoord":61,"zCoord":-602}}},{"n1":{"position":{"xCoord":457,"yCoord":61,"zCoord":-602}},"n2":{"position":{"xCoord":458,"yCoord":61,"zCoord":-604}}},{"n1":{"position":{"xCoord":455,"yCoord":61,"zCoord":-604}},"n2":{"position":{"xCoord":457,"yCoord":61,"zCoord":-604}}},{"n1":{"position":{"xCoord":457,"yCoord":61,"zCoord":-602}},"n2":{"position":{"xCoord":455,"yCoord":61,"zCoord":-604}}},{"n1":{"position":{"xCoord":457,"yCoord":61,"zCoord":-604}},"n2":{"position":{"xCoord":455,"yCoord":61,"zCoord":-602}}},{"n1":{"position":{"xCoord":455,"yCoord":61,"zCoord":-602}},"n2":{"position":{"xCoord":455,"yCoord":61,"zCoord":-604}}},{"n1":{"position":{"xCoord":455,"yCoord":61,"zCoord":-602}},"n2":{"position":{"xCoord":455,"yCoord":61,"zCoord":-600}}},{"n1":{"position":{"xCoord":455,"yCoord":61,"zCoord":-602}},"n2":{"position":{"xCoord":453,"yCoord":61,"zCoord":-604}}},{"n1":{"position":{"xCoord":453,"yCoord":61,"zCoord":-604}},"n2":{"position":{"xCoord":455,"yCoord":61,"zCoord":-604}}},{"n1":{"position":{"xCoord":453,"yCoord":61,"zCoord":-602}},"n2":{"position":{"xCoord":455,"yCoord":61,"zCoord":-602}}},{"n1":{"position":{"xCoord":453,"yCoord":61,"zCoord":-602}},"n2":{"position":{"xCoord":453,"yCoord":61,"zCoord":-604}}},{"n1":{"position":{"xCoord":453,"yCoord":61,"zCoord":-602}},"n2":{"position":{"xCoord":453,"yCoord":61,"zCoord":-600}}},{"n1":{"position":{"xCoord":453,"yCoord":61,"zCoord":-602}},"n2":{"position":{"xCoord":451,"yCoord":61,"zCoord":-604}}},{"n1":{"position":{"xCoord":455,"yCoord":61,"zCoord":-604}},"n2":{"position":{"xCoord":453,"yCoord":61,"zCoord":-602}}},{"n1":{"position":{"xCoord":453,"yCoord":61,"zCoord":-604}},"n2":{"position":{"xCoord":451,"yCoord":61,"zCoord":-604}}},{"n1":{"position":{"xCoord":451,"yCoord":61,"zCoord":-602}},"n2":{"position":{"xCoord":453,"yCoord":61,"zCoord":-604}}},{"n1":{"position":{"xCoord":453,"yCoord":61,"zCoord":-602}},"n2":{"position":{"xCoord":451,"yCoord":61,"zCoord":-602}}},{"n1":{"position":{"xCoord":451,"yCoord":61,"zCoord":-604}},"n2":{"position":{"xCoord":451,"yCoord":61,"zCoord":-602}}},{"n1":{"position":{"xCoord":451,"yCoord":61,"zCoord":-602}},"n2":{"position":{"xCoord":451,"yCoord":61,"zCoord":-600}}},{"n1":{"position":{"xCoord":449,"yCoord":61,"zCoord":-603}},"n2":{"position":{"xCoord":451,"yCoord":61,"zCoord":-602}}},{"n1":{"position":{"xCoord":457,"yCoord":62,"zCoord":-596}},"n2":{"position":{"xCoord":456,"yCoord":62,"zCoord":-595}}},{"n1":{"position":{"xCoord":455,"yCoord":61,"zCoord":-595}},"n2":{"position":{"xCoord":456,"yCoord":62,"zCoord":-595}}},{"n1":{"position":{"xCoord":457,"yCoord":66,"zCoord":-601}},"n2":{"position":{"xCoord":457,"yCoord":66,"zCoord":-600}}},{"n1":{"position":{"xCoord":457,"yCoord":65,"zCoord":-599}},"n2":{"position":{"xCoord":457,"yCoord":66,"zCoord":-600}}},{"n1":{"position":{"xCoord":457,"yCoord":64,"zCoord":-598}},"n2":{"position":{"xCoord":457,"yCoord":65,"zCoord":-599}}},{"n1":{"position":{"xCoord":457,"yCoord":64,"zCoord":-598}},"n2":{"position":{"xCoord":457,"yCoord":63,"zCoord":-597}}},{"n1":{"position":{"xCoord":457,"yCoord":63,"zCoord":-597}},"n2":{"position":{"xCoord":457,"yCoord":62,"zCoord":-596}}},{"n1":{"position":{"xCoord":460,"yCoord":66,"zCoord":-603}},"n2":{"position":{"xCoord":458,"yCoord":66,"zCoord":-602}}},{"n1":{"position":{"xCoord":458,"yCoord":66,"zCoord":-602}},"n2":{"position":{"xCoord":457,"yCoord":66,"zCoord":-601}}},{"n1":{"position":{"xCoord":457,"yCoord":66,"zCoord":-601}},"n2":{"position":{"xCoord":457,"yCoord":66,"zCoord":-602}}},{"n1":{"position":{"xCoord":458,"yCoord":66,"zCoord":-602}},"n2":{"position":{"xCoord":457,"yCoord":66,"zCoord":-602}}},{"n1":{"position":{"xCoord":451,"yCoord":66,"zCoord":-595}},"n2":{"position":{"xCoord":451,"yCoord":66,"zCoord":-599}}},{"n1":{"position":{"xCoord":452,"yCoord":66,"zCoord":-600}},"n2":{"position":{"xCoord":451,"yCoord":66,"zCoord":-599}}},{"n1":{"position":{"xCoord":452,"yCoord":66,"zCoord":-600}},"n2":{"position":{"xCoord":453,"yCoord":66,"zCoord":-601}}},{"n1":{"position":{"xCoord":453,"yCoord":66,"zCoord":-601}},"n2":{"position":{"xCoord":454,"yCoord":66,"zCoord":-602}}},{"n1":{"position":{"xCoord":454,"yCoord":66,"zCoord":-602}},"n2":{"position":{"xCoord":457,"yCoord":66,"zCoord":-602}}},{"n1":{"position":{"xCoord":458,"yCoord":66,"zCoord":-605}},"n2":{"position":{"xCoord":457,"yCoord":66,"zCoord":-605}}},{"n1":{"position":{"xCoord":457,"yCoord":66,"zCoord":-605}},"n2":{"position":{"xCoord":457,"yCoord":66,"zCoord":-602}}},{"n1":{"position":{"xCoord":457,"yCoord":66,"zCoord":-602}},"n2":{"position":{"xCoord":455,"yCoord":66,"zCoord":-605}}},{"n1":{"position":{"xCoord":455,"yCoord":66,"zCoord":-605}},"n2":{"position":{"xCoord":457,"yCoord":66,"zCoord":-605}}},{"n1":{"position":{"xCoord":454,"yCoord":66,"zCoord":-602}},"n2":{"position":{"xCoord":455,"yCoord":66,"zCoord":-605}}},{"n1":{"position":{"xCoord":452,"yCoord":66,"zCoord":-600}},"n2":{"position":{"xCoord":451,"yCoord":66,"zCoord":-601}}},{"n1":{"position":{"xCoord":451,"yCoord":66,"zCoord":-601}},"n2":{"position":{"xCoord":451,"yCoord":66,"zCoord":-599}}},{"n1":{"position":{"xCoord":451,"yCoord":66,"zCoord":-601}},"n2":{"position":{"xCoord":452,"yCoord":66,"zCoord":-603}}},{"n1":{"position":{"xCoord":451,"yCoord":66,"zCoord":-601}},"n2":{"position":{"xCoord":453,"yCoord":66,"zCoord":-601}}},{"n1":{"position":{"xCoord":451,"yCoord":66,"zCoord":-601}},"n2":{"position":{"xCoord":454,"yCoord":66,"zCoord":-602}}},{"n1":{"position":{"xCoord":451,"yCoord":66,"zCoord":-601}},"n2":{"position":{"xCoord":451,"yCoord":66,"zCoord":-605}}},{"n1":{"position":{"xCoord":451,"yCoord":66,"zCoord":-605}},"n2":{"position":{"xCoord":452,"yCoord":66,"zCoord":-603}}},{"n1":{"position":{"xCoord":451,"yCoord":66,"zCoord":-605}},"n2":{"position":{"xCoord":455,"yCoord":66,"zCoord":-605}}},{"n1":{"position":{"xCoord":452,"yCoord":66,"zCoord":-603}},"n2":{"position":{"xCoord":454,"yCoord":66,"zCoord":-602}}},{"n1":{"position":{"xCoord":452,"yCoord":66,"zCoord":-603}},"n2":{"position":{"xCoord":455,"yCoord":66,"zCoord":-605}}},{"n1":{"position":{"xCoord":456,"yCoord":66,"zCoord":-607}},"n2":{"position":{"xCoord":457,"yCoord":66,"zCoord":-605}}},{"n1":{"position":{"xCoord":460,"yCoord":66,"zCoord":-603}},"n2":{"position":{"xCoord":460,"yCoord":66,"zCoord":-601}}},{"n1":{"position":{"xCoord":460,"yCoord":66,"zCoord":-599}},"n2":{"position":{"xCoord":460,"yCoord":66,"zCoord":-601}}},{"n1":{"position":{"xCoord":460,"yCoord":65,"zCoord":-598}},"n2":{"position":{"xCoord":460,"yCoord":66,"zCoord":-599}}},{"n1":{"position":{"xCoord":460,"yCoord":64,"zCoord":-597}},"n2":{"position":{"xCoord":460,"yCoord":65,"zCoord":-598}}},{"n1":{"position":{"xCoord":460,"yCoord":63,"zCoord":-596}},"n2":{"position":{"xCoord":460,"yCoord":64,"zCoord":-597}}},{"n1":{"position":{"xCoord":460,"yCoord":62,"zCoord":-595}},"n2":{"position":{"xCoord":460,"yCoord":63,"zCoord":-596}}},{"n1":{"position":{"xCoord":460,"yCoord":62,"zCoord":-595}},"n2":{"position":{"xCoord":460,"yCoord":61,"zCoord":-594}}},{"n1":{"position":{"xCoord":460,"yCoord":61,"zCoord":-594}},"n2":{"position":{"xCoord":462,"yCoord":61,"zCoord":-594}}},{"n1":{"position":{"xCoord":468,"yCoord":61,"zCoord":-594}},"n2":{"position":{"xCoord":462,"yCoord":61,"zCoord":-594}}},{"n1":{"position":{"xCoord":468,"yCoord":61,"zCoord":-594}},"n2":{"position":{"xCoord":472,"yCoord":61,"zCoord":-594}}},{"n1":{"position":{"xCoord":472,"yCoord":61,"zCoord":-596}},"n2":{"position":{"xCoord":472,"yCoord":61,"zCoord":-594}}},{"n1":{"position":{"xCoord":473,"yCoord":61,"zCoord":-591}},"n2":{"position":{"xCoord":473,"yCoord":61,"zCoord":-593}}},{"n1":{"position":{"xCoord":473,"yCoord":61,"zCoord":-593}},"n2":{"position":{"xCoord":472,"yCoord":61,"zCoord":-594}}},{"n1":{"position":{"xCoord":472,"yCoord":61,"zCoord":-587}},"n2":{"position":{"xCoord":472,"yCoord":61,"zCoord":-586}}},{"n1":{"position":{"xCoord":462,"yCoord":61,"zCoord":-590}},"n2":{"position":{"xCoord":464,"yCoord":61,"zCoord":-589}}},{"n1":{"position":{"xCoord":461,"yCoord":61,"zCoord":-591}},"n2":{"position":{"xCoord":460,"yCoord":61,"zCoord":-592}}},{"n1":{"position":{"xCoord":461,"yCoord":61,"zCoord":-591}},"n2":{"position":{"xCoord":462,"yCoord":61,"zCoord":-590}}},{"n1":{"position":{"xCoord":469,"yCoord":61,"zCoord":-586}},"n2":{"position":{"xCoord":472,"yCoord":61,"zCoord":-586}}},{"n1":{"position":{"xCoord":469,"yCoord":61,"zCoord":-586}},"n2":{"position":{"xCoord":464,"yCoord":61,"zCoord":-589}}},{"n1":{"position":{"xCoord":466,"yCoord":60,"zCoord":-621}},"n2":{"position":{"xCoord":467,"yCoord":59,"zCoord":-621}}},{"n1":{"position":{"xCoord":467,"yCoord":59,"zCoord":-621}},"n2":{"position":{"xCoord":468,"yCoord":59,"zCoord":-621}}},{"n1":{"position":{"xCoord":466,"yCoord":61,"zCoord":-620}},"n2":{"position":{"xCoord":466,"yCoord":60,"zCoord":-621}}},{"n1":{"position":{"xCoord":464,"yCoord":61,"zCoord":-619}},"n2":{"position":{"xCoord":465,"yCoord":61,"zCoord":-620}}},{"n1":{"position":{"xCoord":466,"yCoord":61,"zCoord":-620}},"n2":{"position":{"xCoord":465,"yCoord":61,"zCoord":-620}}},{"n1":{"position":{"xCoord":464,"yCoord":61,"zCoord":-619}},"n2":{"position":{"xCoord":462,"yCoord":61,"zCoord":-617}}},{"n1":{"position":{"xCoord":463,"yCoord":61,"zCoord":-615}},"n2":{"position":{"xCoord":462,"yCoord":61,"zCoord":-617}}},{"n1":{"position":{"xCoord":462,"yCoord":61,"zCoord":-613}},"n2":{"position":{"xCoord":463,"yCoord":61,"zCoord":-615}}},{"n1":{"position":{"xCoord":475,"yCoord":61,"zCoord":-599}},"n2":{"position":{"xCoord":475,"yCoord":61,"zCoord":-601}}},{"n1":{"position":{"xCoord":473,"yCoord":61,"zCoord":-601}},"n2":{"position":{"xCoord":475,"yCoord":61,"zCoord":-601}}},{"n1":{"position":{"xCoord":468,"yCoord":61,"zCoord":-601}},"n2":{"position":{"xCoord":473,"yCoord":61,"zCoord":-601}}},{"n1":{"position":{"xCoord":464,"yCoord":61,"zCoord":-601}},"n2":{"position":{"xCoord":468,"yCoord":61,"zCoord":-601}}},{"n1":{"position":{"xCoord":461,"yCoord":61,"zCoord":-604}},"n2":{"position":{"xCoord":464,"yCoord":61,"zCoord":-601}}},{"n1":{"position":{"xCoord":462,"yCoord":61,"zCoord":-606}},"n2":{"position":{"xCoord":461,"yCoord":61,"zCoord":-604}}},{"n1":{"position":{"xCoord":486,"yCoord":62,"zCoord":-614}},"n2":{"position":{"xCoord":489,"yCoord":62,"zCoord":-614}}},{"n1":{"position":{"xCoord":489,"yCoord":62,"zCoord":-614}},"n2":{"position":{"xCoord":489,"yCoord":62,"zCoord":-613}}},{"n1":{"position":{"xCoord":489,"yCoord":62,"zCoord":-613}},"n2":{"position":{"xCoord":491,"yCoord":62,"zCoord":-613}}},{"n1":{"position":{"xCoord":485,"yCoord":61,"zCoord":-614}},"n2":{"position":{"xCoord":486,"yCoord":62,"zCoord":-614}}},{"n1":{"position":{"xCoord":481,"yCoord":61,"zCoord":-612}},"n2":{"position":{"xCoord":485,"yCoord":61,"zCoord":-614}}},{"n1":{"position":{"xCoord":459,"yCoord":61,"zCoord":-613}},"n2":{"position":{"xCoord":462,"yCoord":61,"zCoord":-613}}},{"n1":{"position":{"xCoord":459,"yCoord":61,"zCoord":-613}},"n2":{"position":{"xCoord":458,"yCoord":61,"zCoord":-615}}},{"n1":{"position":{"xCoord":459,"yCoord":61,"zCoord":-616}},"n2":{"position":{"xCoord":458,"yCoord":61,"zCoord":-615}}},{"n1":{"position":{"xCoord":459,"yCoord":61,"zCoord":-616}},"n2":{"position":{"xCoord":459,"yCoord":61,"zCoord":-613}}},{"n1":{"position":{"xCoord":458,"yCoord":61,"zCoord":-616}},"n2":{"position":{"xCoord":458,"yCoord":61,"zCoord":-615}}},{"n1":{"position":{"xCoord":459,"yCoord":61,"zCoord":-616}},"n2":{"position":{"xCoord":458,"yCoord":61,"zCoord":-616}}},{"n1":{"position":{"xCoord":457,"yCoord":62,"zCoord":-615}},"n2":{"position":{"xCoord":458,"yCoord":61,"zCoord":-616}}},{"n1":{"position":{"xCoord":458,"yCoord":61,"zCoord":-615}},"n2":{"position":{"xCoord":457,"yCoord":62,"zCoord":-615}}},{"n1":{"position":{"xCoord":456,"yCoord":63,"zCoord":-615}},"n2":{"position":{"xCoord":457,"yCoord":62,"zCoord":-615}}},{"n1":{"position":{"xCoord":455,"yCoord":64,"zCoord":-615}},"n2":{"position":{"xCoord":456,"yCoord":63,"zCoord":-615}}},{"n1":{"position":{"xCoord":454,"yCoord":65,"zCoord":-615}},"n2":{"position":{"xCoord":455,"yCoord":64,"zCoord":-615}}},{"n1":{"position":{"xCoord":453,"yCoord":66,"zCoord":-615}},"n2":{"position":{"xCoord":454,"yCoord":65,"zCoord":-615}}},{"n1":{"position":{"xCoord":452,"yCoord":66,"zCoord":-615}},"n2":{"position":{"xCoord":453,"yCoord":66,"zCoord":-615}}},{"n1":{"position":{"xCoord":451,"yCoord":66,"zCoord":-614}},"n2":{"position":{"xCoord":452,"yCoord":66,"zCoord":-615}}},{"n1":{"position":{"xCoord":452,"yCoord":66,"zCoord":-613}},"n2":{"position":{"xCoord":451,"yCoord":66,"zCoord":-614}}},{"n1":{"position":{"xCoord":460,"yCoord":61,"zCoord":-564}},"n2":{"position":{"xCoord":457,"yCoord":61,"zCoord":-564}}},{"n1":{"position":{"xCoord":457,"yCoord":61,"zCoord":-564}},"n2":{"position":{"xCoord":457,"yCoord":61,"zCoord":-567}}},{"n1":{"position":{"xCoord":457,"yCoord":61,"zCoord":-572}},"n2":{"position":{"xCoord":457,"yCoord":61,"zCoord":-567}}},{"n1":{"position":{"xCoord":456,"yCoord":61,"zCoord":-576}},"n2":{"position":{"xCoord":457,"yCoord":61,"zCoord":-572}}},{"n1":{"position":{"xCoord":456,"yCoord":61,"zCoord":-576}},"n2":{"position":{"xCoord":457,"yCoord":61,"zCoord":-581}}},{"n1":{"position":{"xCoord":449,"yCoord":61,"zCoord":-585}},"n2":{"position":{"xCoord":446,"yCoord":61,"zCoord":-583}}},{"n1":{"position":{"xCoord":446,"yCoord":61,"zCoord":-583}},"n2":{"position":{"xCoord":433,"yCoord":61,"zCoord":-586}}},{"n1":{"position":{"xCoord":456,"yCoord":61,"zCoord":-606}},"n2":{"position":{"xCoord":459,"yCoord":61,"zCoord":-606}}},{"n1":{"position":{"xCoord":456,"yCoord":61,"zCoord":-606}},"n2":{"position":{"xCoord":455,"yCoord":61,"zCoord":-606}}},{"n1":{"position":{"xCoord":455,"yCoord":61,"zCoord":-606}},"n2":{"position":{"xCoord":455,"yCoord":61,"zCoord":-607}}},{"n1":{"position":{"xCoord":455,"yCoord":61,"zCoord":-607}},"n2":{"position":{"xCoord":454,"yCoord":61,"zCoord":-607}}},{"n1":{"position":{"xCoord":454,"yCoord":61,"zCoord":-607}},"n2":{"position":{"xCoord":454,"yCoord":61,"zCoord":-609}}},{"n1":{"position":{"xCoord":454,"yCoord":61,"zCoord":-609}},"n2":{"position":{"xCoord":455,"yCoord":61,"zCoord":-609}}},{"n1":{"position":{"xCoord":455,"yCoord":61,"zCoord":-609}},"n2":{"position":{"xCoord":455,"yCoord":61,"zCoord":-607}}},{"n1":{"position":{"xCoord":455,"yCoord":61,"zCoord":-607}},"n2":{"position":{"xCoord":454,"yCoord":61,"zCoord":-609}}},{"n1":{"position":{"xCoord":454,"yCoord":61,"zCoord":-607}},"n2":{"position":{"xCoord":455,"yCoord":61,"zCoord":-609}}},{"n1":{"position":{"xCoord":455,"yCoord":61,"zCoord":-609}},"n2":{"position":{"xCoord":455,"yCoord":61,"zCoord":-611}}},{"n1":{"position":{"xCoord":455,"yCoord":61,"zCoord":-611}},"n2":{"position":{"xCoord":454,"yCoord":61,"zCoord":-611}}},{"n1":{"position":{"xCoord":454,"yCoord":61,"zCoord":-611}},"n2":{"position":{"xCoord":454,"yCoord":61,"zCoord":-612}}},{"n1":{"position":{"xCoord":455,"yCoord":61,"zCoord":-612}},"n2":{"position":{"xCoord":455,"yCoord":61,"zCoord":-611}}},{"n1":{"position":{"xCoord":454,"yCoord":61,"zCoord":-612}},"n2":{"position":{"xCoord":455,"yCoord":61,"zCoord":-611}}},{"n1":{"position":{"xCoord":454,"yCoord":61,"zCoord":-612}},"n2":{"position":{"xCoord":455,"yCoord":61,"zCoord":-612}}},{"n1":{"position":{"xCoord":455,"yCoord":61,"zCoord":-612}},"n2":{"position":{"xCoord":454,"yCoord":61,"zCoord":-611}}},{"n1":{"position":{"xCoord":455,"yCoord":61,"zCoord":-612}},"n2":{"position":{"xCoord":455,"yCoord":61,"zCoord":-613}}},{"n1":{"position":{"xCoord":455,"yCoord":61,"zCoord":-613}},"n2":{"position":{"xCoord":456,"yCoord":61,"zCoord":-610}}},{"n1":{"position":{"xCoord":455,"yCoord":61,"zCoord":-612}},"n2":{"position":{"xCoord":456,"yCoord":61,"zCoord":-610}}},{"n1":{"position":{"xCoord":455,"yCoord":61,"zCoord":-611}},"n2":{"position":{"xCoord":456,"yCoord":61,"zCoord":-610}}},{"n1":{"position":{"xCoord":455,"yCoord":61,"zCoord":-611}},"n2":{"position":{"xCoord":457,"yCoord":61,"zCoord":-610}}},{"n1":{"position":{"xCoord":455,"yCoord":61,"zCoord":-612}},"n2":{"position":{"xCoord":457,"yCoord":61,"zCoord":-610}}},{"n1":{"position":{"xCoord":456,"yCoord":61,"zCoord":-610}},"n2":{"position":{"xCoord":456,"yCoord":61,"zCoord":-609}}},{"n1":{"position":{"xCoord":456,"yCoord":61,"zCoord":-609}},"n2":{"position":{"xCoord":455,"yCoord":61,"zCoord":-609}}},{"n1":{"position":{"xCoord":456,"yCoord":61,"zCoord":-610}},"n2":{"position":{"xCoord":455,"yCoord":61,"zCoord":-609}}},{"n1":{"position":{"xCoord":456,"yCoord":61,"zCoord":-609}},"n2":{"position":{"xCoord":455,"yCoord":61,"zCoord":-611}}},{"n1":{"position":{"xCoord":456,"yCoord":61,"zCoord":-609}},"n2":{"position":{"xCoord":456,"yCoord":61,"zCoord":-608}}},{"n1":{"position":{"xCoord":456,"yCoord":61,"zCoord":-608}},"n2":{"position":{"xCoord":454,"yCoord":61,"zCoord":-609}}},{"n1":{"position":{"xCoord":456,"yCoord":61,"zCoord":-608}},"n2":{"position":{"xCoord":455,"yCoord":61,"zCoord":-607}}},{"n1":{"position":{"xCoord":456,"yCoord":61,"zCoord":-608}},"n2":{"position":{"xCoord":456,"yCoord":61,"zCoord":-606}}},{"n1":{"position":{"xCoord":456,"yCoord":61,"zCoord":-608}},"n2":{"position":{"xCoord":455,"yCoord":61,"zCoord":-606}}},{"n1":{"position":{"xCoord":456,"yCoord":61,"zCoord":-608}},"n2":{"position":{"xCoord":459,"yCoord":61,"zCoord":-606}}},{"n1":{"position":{"xCoord":456,"yCoord":61,"zCoord":-606}},"n2":{"position":{"xCoord":459,"yCoord":61,"zCoord":-607}}},{"n1":{"position":{"xCoord":459,"yCoord":61,"zCoord":-607}},"n2":{"position":{"xCoord":458,"yCoord":61,"zCoord":-608}}},{"n1":{"position":{"xCoord":459,"yCoord":61,"zCoord":-606}},"n2":{"position":{"xCoord":460,"yCoord":62,"zCoord":-606}}},{"n1":{"position":{"xCoord":460,"yCoord":61,"zCoord":-607}},"n2":{"position":{"xCoord":460,"yCoord":62,"zCoord":-606}}},{"n1":{"position":{"xCoord":461,"yCoord":61,"zCoord":-606}},"n2":{"position":{"xCoord":460,"yCoord":62,"zCoord":-606}}},{"n1":{"position":{"xCoord":461,"yCoord":61,"zCoord":-606}},"n2":{"position":{"xCoord":461,"yCoord":61,"zCoord":-607}}},{"n1":{"position":{"xCoord":461,"yCoord":61,"zCoord":-607}},"n2":{"position":{"xCoord":460,"yCoord":61,"zCoord":-607}}},{"n1":{"position":{"xCoord":460,"yCoord":61,"zCoord":-607}},"n2":{"position":{"xCoord":459,"yCoord":61,"zCoord":-607}}},{"n1":{"position":{"xCoord":459,"yCoord":61,"zCoord":-606}},"n2":{"position":{"xCoord":459,"yCoord":61,"zCoord":-607}}},{"n1":{"position":{"xCoord":457,"yCoord":61,"zCoord":-608}},"n2":{"position":{"xCoord":457,"yCoord":62,"zCoord":-609}}},{"n1":{"position":{"xCoord":456,"yCoord":61,"zCoord":-608}},"n2":{"position":{"xCoord":457,"yCoord":61,"zCoord":-608}}},{"n1":{"position":{"xCoord":456,"yCoord":61,"zCoord":-609}},"n2":{"position":{"xCoord":457,"yCoord":62,"zCoord":-609}}},{"n1":{"position":{"xCoord":457,"yCoord":61,"zCoord":-610}},"n2":{"position":{"xCoord":457,"yCoord":62,"zCoord":-609}}},{"n1":{"position":{"xCoord":457,"yCoord":61,"zCoord":-612}},"n2":{"position":{"xCoord":455,"yCoord":61,"zCoord":-612}}},{"n1":{"position":{"xCoord":457,"yCoord":61,"zCoord":-612}},"n2":{"position":{"xCoord":455,"yCoord":61,"zCoord":-613}}},{"n1":{"position":{"xCoord":456,"yCoord":61,"zCoord":-610}},"n2":{"position":{"xCoord":457,"yCoord":61,"zCoord":-612}}},{"n1":{"position":{"xCoord":457,"yCoord":61,"zCoord":-612}},"n2":{"position":{"xCoord":459,"yCoord":61,"zCoord":-613}}},{"n1":{"position":{"xCoord":460,"yCoord":61,"zCoord":-612}},"n2":{"position":{"xCoord":457,"yCoord":61,"zCoord":-612}}},{"n1":{"position":{"xCoord":457,"yCoord":61,"zCoord":-612}},"n2":{"position":{"xCoord":457,"yCoord":61,"zCoord":-610}}},{"n1":{"position":{"xCoord":457,"yCoord":61,"zCoord":-612}},"n2":{"position":{"xCoord":460,"yCoord":61,"zCoord":-611}}},{"n1":{"position":{"xCoord":460,"yCoord":61,"zCoord":-611}},"n2":{"position":{"xCoord":459,"yCoord":61,"zCoord":-610}}},{"n1":{"position":{"xCoord":459,"yCoord":61,"zCoord":-610}},"n2":{"position":{"xCoord":459,"yCoord":62,"zCoord":-609}}},{"n1":{"position":{"xCoord":460,"yCoord":61,"zCoord":-610}},"n2":{"position":{"xCoord":459,"yCoord":61,"zCoord":-610}}},{"n1":{"position":{"xCoord":460,"yCoord":61,"zCoord":-610}},"n2":{"position":{"xCoord":460,"yCoord":61,"zCoord":-611}}},{"n1":{"position":{"xCoord":460,"yCoord":61,"zCoord":-610}},"n2":{"position":{"xCoord":460,"yCoord":61,"zCoord":-609}}},{"n1":{"position":{"xCoord":460,"yCoord":61,"zCoord":-609}},"n2":{"position":{"xCoord":461,"yCoord":62,"zCoord":-609}}},{"n1":{"position":{"xCoord":460,"yCoord":61,"zCoord":-609}},"n2":{"position":{"xCoord":460,"yCoord":61,"zCoord":-608}}},{"n1":{"position":{"xCoord":460,"yCoord":61,"zCoord":-608}},"n2":{"position":{"xCoord":461,"yCoord":61,"zCoord":-608}}},{"n1":{"position":{"xCoord":460,"yCoord":61,"zCoord":-608}},"n2":{"position":{"xCoord":459,"yCoord":61,"zCoord":-608}}},{"n1":{"position":{"xCoord":459,"yCoord":61,"zCoord":-608}},"n2":{"position":{"xCoord":459,"yCoord":62,"zCoord":-609}}},{"n1":{"position":{"xCoord":458,"yCoord":61,"zCoord":-609}},"n2":{"position":{"xCoord":459,"yCoord":62,"zCoord":-609}}},{"n1":{"position":{"xCoord":458,"yCoord":61,"zCoord":-608}},"n2":{"position":{"xCoord":457,"yCoord":61,"zCoord":-608}}},{"n1":{"position":{"xCoord":458,"yCoord":61,"zCoord":-608}},"n2":{"position":{"xCoord":458,"yCoord":61,"zCoord":-609}}},{"n1":{"position":{"xCoord":458,"yCoord":61,"zCoord":-608}},"n2":{"position":{"xCoord":459,"yCoord":61,"zCoord":-608}}},{"n1":{"position":{"xCoord":460,"yCoord":61,"zCoord":-609}},"n2":{"position":{"xCoord":459,"yCoord":62,"zCoord":-609}}},{"n1":{"position":{"xCoord":460,"yCoord":61,"zCoord":-611}},"n2":{"position":{"xCoord":461,"yCoord":62,"zCoord":-611}}},{"n1":{"position":{"xCoord":461,"yCoord":61,"zCoord":-610}},"n2":{"position":{"xCoord":461,"yCoord":62,"zCoord":-611}}},{"n1":{"position":{"xCoord":461,"yCoord":61,"zCoord":-610}},"n2":{"position":{"xCoord":460,"yCoord":61,"zCoord":-610}}},{"n1":{"position":{"xCoord":460,"yCoord":61,"zCoord":-612}},"n2":{"position":{"xCoord":460,"yCoord":61,"zCoord":-611}}},{"n1":{"position":{"xCoord":460,"yCoord":61,"zCoord":-612}},"n2":{"position":{"xCoord":461,"yCoord":61,"zCoord":-612}}},{"n1":{"position":{"xCoord":460,"yCoord":61,"zCoord":-612}},"n2":{"position":{"xCoord":455,"yCoord":61,"zCoord":-611}}},{"n1":{"position":{"xCoord":461,"yCoord":61,"zCoord":-612}},"n2":{"position":{"xCoord":461,"yCoord":62,"zCoord":-611}}},{"n1":{"position":{"xCoord":462,"yCoord":61,"zCoord":-612}},"n2":{"position":{"xCoord":461,"yCoord":61,"zCoord":-612}}},{"n1":{"position":{"xCoord":462,"yCoord":61,"zCoord":-612}},"n2":{"position":{"xCoord":462,"yCoord":61,"zCoord":-611}}},{"n1":{"position":{"xCoord":462,"yCoord":61,"zCoord":-611}},"n2":{"position":{"xCoord":461,"yCoord":62,"zCoord":-611}}},{"n1":{"position":{"xCoord":462,"yCoord":61,"zCoord":-612}},"n2":{"position":{"xCoord":462,"yCoord":61,"zCoord":-613}}},{"n1":{"position":{"xCoord":462,"yCoord":61,"zCoord":-613}},"n2":{"position":{"xCoord":461,"yCoord":61,"zCoord":-612}}},{"n1":{"position":{"xCoord":462,"yCoord":61,"zCoord":-613}},"n2":{"position":{"xCoord":460,"yCoord":61,"zCoord":-612}}},{"n1":{"position":{"xCoord":462,"yCoord":61,"zCoord":-613}},"n2":{"position":{"xCoord":464,"yCoord":61,"zCoord":-612}}},{"n1":{"position":{"xCoord":464,"yCoord":61,"zCoord":-612}},"n2":{"position":{"xCoord":464,"yCoord":61,"zCoord":-611}}},{"n1":{"position":{"xCoord":464,"yCoord":61,"zCoord":-611}},"n2":{"position":{"xCoord":464,"yCoord":61,"zCoord":-610}}},{"n1":{"position":{"xCoord":464,"yCoord":61,"zCoord":-610}},"n2":{"position":{"xCoord":464,"yCoord":61,"zCoord":-609}}},{"n1":{"position":{"xCoord":464,"yCoord":61,"zCoord":-609}},"n2":{"position":{"xCoord":464,"yCoord":61,"zCoord":-608}}},{"n1":{"position":{"xCoord":464,"yCoord":61,"zCoord":-608}},"n2":{"position":{"xCoord":463,"yCoord":61,"zCoord":-607}}},{"n1":{"position":{"xCoord":464,"yCoord":61,"zCoord":-608}},"n2":{"position":{"xCoord":462,"yCoord":61,"zCoord":-608}}},{"n1":{"position":{"xCoord":462,"yCoord":61,"zCoord":-609}},"n2":{"position":{"xCoord":464,"yCoord":61,"zCoord":-609}}},{"n1":{"position":{"xCoord":464,"yCoord":61,"zCoord":-609}},"n2":{"position":{"xCoord":462,"yCoord":61,"zCoord":-608}}},{"n1":{"position":{"xCoord":462,"yCoord":61,"zCoord":-609}},"n2":{"position":{"xCoord":462,"yCoord":61,"zCoord":-608}}},{"n1":{"position":{"xCoord":462,"yCoord":61,"zCoord":-609}},"n2":{"position":{"xCoord":464,"yCoord":61,"zCoord":-608}}},{"n1":{"position":{"xCoord":462,"yCoord":61,"zCoord":-609}},"n2":{"position":{"xCoord":461,"yCoord":62,"zCoord":-609}}},{"n1":{"position":{"xCoord":461,"yCoord":61,"zCoord":-608}},"n2":{"position":{"xCoord":461,"yCoord":62,"zCoord":-609}}},{"n1":{"position":{"xCoord":461,"yCoord":61,"zCoord":-608}},"n2":{"position":{"xCoord":462,"yCoord":61,"zCoord":-608}}},{"n1":{"position":{"xCoord":461,"yCoord":61,"zCoord":-608}},"n2":{"position":{"xCoord":461,"yCoord":61,"zCoord":-607}}},{"n1":{"position":{"xCoord":460,"yCoord":61,"zCoord":-608}},"n2":{"position":{"xCoord":460,"yCoord":61,"zCoord":-607}}},{"n1":{"position":{"xCoord":459,"yCoord":61,"zCoord":-607}},"n2":{"position":{"xCoord":459,"yCoord":61,"zCoord":-608}}},{"n1":{"position":{"xCoord":459,"yCoord":61,"zCoord":-608}},"n2":{"position":{"xCoord":460,"yCoord":61,"zCoord":-607}}},{"n1":{"position":{"xCoord":460,"yCoord":61,"zCoord":-608}},"n2":{"position":{"xCoord":459,"yCoord":61,"zCoord":-607}}},{"n1":{"position":{"xCoord":460,"yCoord":61,"zCoord":-607}},"n2":{"position":{"xCoord":461,"yCoord":61,"zCoord":-608}}},{"n1":{"position":{"xCoord":460,"yCoord":61,"zCoord":-608}},"n2":{"position":{"xCoord":461,"yCoord":61,"zCoord":-607}}},{"n1":{"position":{"xCoord":461,"yCoord":61,"zCoord":-607}},"n2":{"position":{"xCoord":462,"yCoord":61,"zCoord":-608}}},{"n1":{"position":{"xCoord":462,"yCoord":61,"zCoord":-608}},"n2":{"position":{"xCoord":462,"yCoord":61,"zCoord":-606}}},{"n1":{"position":{"xCoord":461,"yCoord":61,"zCoord":-606}},"n2":{"position":{"xCoord":463,"yCoord":61,"zCoord":-607}}},{"n1":{"position":{"xCoord":462,"yCoord":61,"zCoord":-606}},"n2":{"position":{"xCoord":463,"yCoord":61,"zCoord":-606}}},{"n1":{"position":{"xCoord":463,"yCoord":61,"zCoord":-606}},"n2":{"position":{"xCoord":463,"yCoord":61,"zCoord":-607}}},{"n1":{"position":{"xCoord":464,"yCoord":61,"zCoord":-607}},"n2":{"position":{"xCoord":463,"yCoord":61,"zCoord":-607}}},{"n1":{"position":{"xCoord":464,"yCoord":61,"zCoord":-607}},"n2":{"position":{"xCoord":465,"yCoord":61,"zCoord":-607}}},{"n1":{"position":{"xCoord":465,"yCoord":61,"zCoord":-607}},"n2":{"position":{"xCoord":465,"yCoord":61,"zCoord":-606}}},{"n1":{"position":{"xCoord":465,"yCoord":61,"zCoord":-606}},"n2":{"position":{"xCoord":464,"yCoord":62,"zCoord":-606}}},{"n1":{"position":{"xCoord":464,"yCoord":61,"zCoord":-607}},"n2":{"position":{"xCoord":464,"yCoord":62,"zCoord":-606}}},{"n1":{"position":{"xCoord":463,"yCoord":61,"zCoord":-606}},"n2":{"position":{"xCoord":464,"yCoord":62,"zCoord":-606}}},{"n1":{"position":{"xCoord":465,"yCoord":61,"zCoord":-606}},"n2":{"position":{"xCoord":468,"yCoord":61,"zCoord":-606}}},{"n1":{"position":{"xCoord":468,"yCoord":61,"zCoord":-606}},"n2":{"position":{"xCoord":468,"yCoord":61,"zCoord":-607}}},{"n1":{"position":{"xCoord":469,"yCoord":61,"zCoord":-607}},"n2":{"position":{"xCoord":469,"yCoord":62,"zCoord":-606}}},{"n1":{"position":{"xCoord":468,"yCoord":61,"zCoord":-606}},"n2":{"position":{"xCoord":469,"yCoord":62,"zCoord":-606}}},{"n1":{"position":{"xCoord":465,"yCoord":61,"zCoord":-608}},"n2":{"position":{"xCoord":465,"yCoord":62,"zCoord":-609}}},{"n1":{"position":{"xCoord":466,"yCoord":61,"zCoord":-609}},"n2":{"position":{"xCoord":465,"yCoord":62,"zCoord":-609}}},{"n1":{"position":{"xCoord":464,"yCoord":61,"zCoord":-609}},"n2":{"position":{"xCoord":465,"yCoord":62,"zCoord":-609}}},{"n1":{"position":{"xCoord":464,"yCoord":61,"zCoord":-608}},"n2":{"position":{"xCoord":465,"yCoord":61,"zCoord":-608}}},{"n1":{"position":{"xCoord":465,"yCoord":61,"zCoord":-608}},"n2":{"position":{"xCoord":466,"yCoord":61,"zCoord":-608}}},{"n1":{"position":{"xCoord":466,"yCoord":61,"zCoord":-608}},"n2":{"position":{"xCoord":466,"yCoord":61,"zCoord":-609}}},{"n1":{"position":{"xCoord":465,"yCoord":61,"zCoord":-608}},"n2":{"position":{"xCoord":465,"yCoord":61,"zCoord":-607}}},{"n1":{"position":{"xCoord":464,"yCoord":61,"zCoord":-607}},"n2":{"position":{"xCoord":464,"yCoord":61,"zCoord":-608}}},{"n1":{"position":{"xCoord":463,"yCoord":61,"zCoord":-607}},"n2":{"position":{"xCoord":462,"yCoord":61,"zCoord":-608}}},{"n1":{"position":{"xCoord":462,"yCoord":61,"zCoord":-609}},"n2":{"position":{"xCoord":464,"yCoord":61,"zCoord":-607}}},{"n1":{"position":{"xCoord":464,"yCoord":61,"zCoord":-610}},"n2":{"position":{"xCoord":465,"yCoord":61,"zCoord":-610}}},{"n1":{"position":{"xCoord":464,"yCoord":61,"zCoord":-611}},"n2":{"position":{"xCoord":462,"yCoord":61,"zCoord":-611}}},{"n1":{"position":{"xCoord":462,"yCoord":61,"zCoord":-611}},"n2":{"position":{"xCoord":464,"yCoord":61,"zCoord":-612}}},{"n1":{"position":{"xCoord":462,"yCoord":61,"zCoord":-612}},"n2":{"position":{"xCoord":464,"yCoord":61,"zCoord":-611}}},{"n1":{"position":{"xCoord":462,"yCoord":61,"zCoord":-612}},"n2":{"position":{"xCoord":464,"yCoord":61,"zCoord":-612}}},{"n1":{"position":{"xCoord":464,"yCoord":61,"zCoord":-612}},"n2":{"position":{"xCoord":465,"yCoord":61,"zCoord":-612}}},{"n1":{"position":{"xCoord":465,"yCoord":61,"zCoord":-612}},"n2":{"position":{"xCoord":465,"yCoord":62,"zCoord":-611}}},{"n1":{"position":{"xCoord":464,"yCoord":61,"zCoord":-611}},"n2":{"position":{"xCoord":465,"yCoord":62,"zCoord":-611}}},{"n1":{"position":{"xCoord":466,"yCoord":61,"zCoord":-611}},"n2":{"position":{"xCoord":465,"yCoord":62,"zCoord":-611}}},{"n1":{"position":{"xCoord":466,"yCoord":61,"zCoord":-611}},"n2":{"position":{"xCoord":467,"yCoord":62,"zCoord":-611}}},{"n1":{"position":{"xCoord":466,"yCoord":61,"zCoord":-611}},"n2":{"position":{"xCoord":466,"yCoord":61,"zCoord":-612}}},{"n1":{"position":{"xCoord":466,"yCoord":61,"zCoord":-612}},"n2":{"position":{"xCoord":465,"yCoord":61,"zCoord":-612}}},{"n1":{"position":{"xCoord":466,"yCoord":61,"zCoord":-612}},"n2":{"position":{"xCoord":467,"yCoord":61,"zCoord":-612}}},{"n1":{"position":{"xCoord":467,"yCoord":61,"zCoord":-612}},"n2":{"position":{"xCoord":468,"yCoord":61,"zCoord":-612}}},{"n1":{"position":{"xCoord":467,"yCoord":61,"zCoord":-612}},"n2":{"position":{"xCoord":467,"yCoord":62,"zCoord":-611}}},{"n1":{"position":{"xCoord":468,"yCoord":61,"zCoord":-612}},"n2":{"position":{"xCoord":469,"yCoord":61,"zCoord":-612}}},{"n1":{"position":{"xCoord":469,"yCoord":61,"zCoord":-612}},"n2":{"position":{"xCoord":469,"yCoord":61,"zCoord":-613}}},{"n1":{"position":{"xCoord":469,"yCoord":61,"zCoord":-613}},"n2":{"position":{"xCoord":468,"yCoord":61,"zCoord":-612}}},{"n1":{"position":{"xCoord":469,"yCoord":61,"zCoord":-612}},"n2":{"position":{"xCoord":468,"yCoord":61,"zCoord":-611}}},{"n1":{"position":{"xCoord":469,"yCoord":61,"zCoord":-612}},"n2":{"position":{"xCoord":468,"yCoord":61,"zCoord":-610}}},{"n1":{"position":{"xCoord":468,"yCoord":61,"zCoord":-611}},"n2":{"position":{"xCoord":468,"yCoord":61,"zCoord":-612}}},{"n1":{"position":{"xCoord":467,"yCoord":61,"zCoord":-610}},"n2":{"position":{"xCoord":468,"yCoord":61,"zCoord":-610}}},{"n1":{"position":{"xCoord":468,"yCoord":61,"zCoord":-610}},"n2":{"position":{"xCoord":468,"yCoord":61,"zCoord":-611}}},{"n1":{"position":{"xCoord":468,"yCoord":61,"zCoord":-611}},"n2":{"position":{"xCoord":467,"yCoord":62,"zCoord":-611}}},{"n1":{"position":{"xCoord":467,"yCoord":61,"zCoord":-610}},"n2":{"position":{"xCoord":467,"yCoord":62,"zCoord":-611}}},{"n1":{"position":{"xCoord":468,"yCoord":61,"zCoord":-610}},"n2":{"position":{"xCoord":469,"yCoord":61,"zCoord":-607}}},{"n1":{"position":{"xCoord":468,"yCoord":61,"zCoord":-607}},"n2":{"position":{"xCoord":469,"yCoord":61,"zCoord":-607}}},{"n1":{"position":{"xCoord":468,"yCoord":61,"zCoord":-607}},"n2":{"position":{"xCoord":468,"yCoord":61,"zCoord":-610}}},{"n1":{"position":{"xCoord":468,"yCoord":61,"zCoord":-607}},"n2":{"position":{"xCoord":467,"yCoord":61,"zCoord":-610}}},{"n1":{"position":{"xCoord":468,"yCoord":61,"zCoord":-607}},"n2":{"position":{"xCoord":466,"yCoord":61,"zCoord":-608}}},{"n1":{"position":{"xCoord":468,"yCoord":61,"zCoord":-607}},"n2":{"position":{"xCoord":466,"yCoord":61,"zCoord":-609}}},{"n1":{"position":{"xCoord":466,"yCoord":61,"zCoord":-608}},"n2":{"position":{"xCoord":465,"yCoord":61,"zCoord":-607}}},{"n1":{"position":{"xCoord":465,"yCoord":61,"zCoord":-607}},"n2":{"position":{"xCoord":468,"yCoord":61,"zCoord":-606}}},{"n1":{"position":{"xCoord":468,"yCoord":61,"zCoord":-607}},"n2":{"position":{"xCoord":465,"yCoord":61,"zCoord":-607}}},{"n1":{"position":{"xCoord":465,"yCoord":61,"zCoord":-610}},"n2":{"position":{"xCoord":465,"yCoord":62,"zCoord":-609}}},{"n1":{"position":{"xCoord":465,"yCoord":62,"zCoord":-611}},"n2":{"position":{"xCoord":465,"yCoord":61,"zCoord":-610}}},{"n1":{"position":{"xCoord":461,"yCoord":61,"zCoord":-610}},"n2":{"position":{"xCoord":461,"yCoord":62,"zCoord":-609}}},{"n1":{"position":{"xCoord":458,"yCoord":61,"zCoord":-609}},"n2":{"position":{"xCoord":457,"yCoord":62,"zCoord":-609}}},{"n1":{"position":{"xCoord":452,"yCoord":66,"zCoord":-607}},"n2":{"position":{"xCoord":452,"yCoord":66,"zCoord":-609}}},{"n1":{"position":{"xCoord":452,"yCoord":66,"zCoord":-609}},"n2":{"position":{"xCoord":452,"yCoord":66,"zCoord":-611}}},{"n1":{"position":{"xCoord":452,"yCoord":66,"zCoord":-611}},"n2":{"position":{"xCoord":452,"yCoord":66,"zCoord":-613}}},{"n1":{"position":{"xCoord":452,"yCoord":66,"zCoord":-607}},"n2":{"position":{"xCoord":456,"yCoord":66,"zCoord":-607}}},{"n1":{"position":{"xCoord":455,"yCoord":66,"zCoord":-609}},"n2":{"position":{"xCoord":452,"yCoord":66,"zCoord":-609}}},{"n1":{"position":{"xCoord":452,"yCoord":66,"zCoord":-611}},"n2":{"position":{"xCoord":455,"yCoord":66,"zCoord":-611}}},{"n1":{"position":{"xCoord":455,"yCoord":66,"zCoord":-611}},"n2":{"position":{"xCoord":455,"yCoord":66,"zCoord":-609}}},{"n1":{"position":{"xCoord":456,"yCoord":66,"zCoord":-607}},"n2":{"position":{"xCoord":459,"yCoord":66,"zCoord":-607}}},{"n1":{"position":{"xCoord":459,"yCoord":66,"zCoord":-607}},"n2":{"position":{"xCoord":462,"yCoord":66,"zCoord":-607}}},{"n1":{"position":{"xCoord":462,"yCoord":66,"zCoord":-607}},"n2":{"position":{"xCoord":463,"yCoord":66,"zCoord":-607}}},{"n1":{"position":{"xCoord":463,"yCoord":66,"zCoord":-607}},"n2":{"position":{"xCoord":465,"yCoord":66,"zCoord":-607}}},{"n1":{"position":{"xCoord":465,"yCoord":66,"zCoord":-607}},"n2":{"position":{"xCoord":467,"yCoord":66,"zCoord":-607}}},{"n1":{"position":{"xCoord":467,"yCoord":66,"zCoord":-607}},"n2":{"position":{"xCoord":469,"yCoord":66,"zCoord":-607}}},{"n1":{"position":{"xCoord":469,"yCoord":66,"zCoord":-607}},"n2":{"position":{"xCoord":469,"yCoord":66,"zCoord":-609}}},{"n1":{"position":{"xCoord":469,"yCoord":66,"zCoord":-609}},"n2":{"position":{"xCoord":469,"yCoord":66,"zCoord":-611}}},{"n1":{"position":{"xCoord":469,"yCoord":66,"zCoord":-611}},"n2":{"position":{"xCoord":468,"yCoord":66,"zCoord":-613}}},{"n1":{"position":{"xCoord":468,"yCoord":66,"zCoord":-613}},"n2":{"position":{"xCoord":469,"yCoord":66,"zCoord":-615}}},{"n1":{"position":{"xCoord":468,"yCoord":66,"zCoord":-611}},"n2":{"position":{"xCoord":469,"yCoord":66,"zCoord":-611}}},{"n1":{"position":{"xCoord":468,"yCoord":66,"zCoord":-611}},"n2":{"position":{"xCoord":468,"yCoord":66,"zCoord":-613}}},{"n1":{"position":{"xCoord":468,"yCoord":66,"zCoord":-611}},"n2":{"position":{"xCoord":467,"yCoord":66,"zCoord":-611}}},{"n1":{"position":{"xCoord":467,"yCoord":66,"zCoord":-611}},"n2":{"position":{"xCoord":467,"yCoord":66,"zCoord":-609}}},{"n1":{"position":{"xCoord":467,"yCoord":66,"zCoord":-609}},"n2":{"position":{"xCoord":469,"yCoord":66,"zCoord":-609}}},{"n1":{"position":{"xCoord":469,"yCoord":66,"zCoord":-609}},"n2":{"position":{"xCoord":468,"yCoord":66,"zCoord":-611}}},{"n1":{"position":{"xCoord":468,"yCoord":66,"zCoord":-611}},"n2":{"position":{"xCoord":467,"yCoord":66,"zCoord":-609}}},{"n1":{"position":{"xCoord":467,"yCoord":66,"zCoord":-611}},"n2":{"position":{"xCoord":469,"yCoord":66,"zCoord":-609}}},{"n1":{"position":{"xCoord":469,"yCoord":66,"zCoord":-611}},"n2":{"position":{"xCoord":467,"yCoord":66,"zCoord":-609}}},{"n1":{"position":{"xCoord":467,"yCoord":66,"zCoord":-609}},"n2":{"position":{"xCoord":465,"yCoord":66,"zCoord":-609}}},{"n1":{"position":{"xCoord":467,"yCoord":66,"zCoord":-611}},"n2":{"position":{"xCoord":465,"yCoord":66,"zCoord":-611}}},{"n1":{"position":{"xCoord":465,"yCoord":66,"zCoord":-611}},"n2":{"position":{"xCoord":465,"yCoord":66,"zCoord":-609}}},{"n1":{"position":{"xCoord":465,"yCoord":66,"zCoord":-609}},"n2":{"position":{"xCoord":463,"yCoord":66,"zCoord":-609}}},{"n1":{"position":{"xCoord":463,"yCoord":66,"zCoord":-609}},"n2":{"position":{"xCoord":465,"yCoord":66,"zCoord":-611}}},{"n1":{"position":{"xCoord":465,"yCoord":66,"zCoord":-609}},"n2":{"position":{"xCoord":463,"yCoord":66,"zCoord":-611}}},{"n1":{"position":{"xCoord":463,"yCoord":66,"zCoord":-611}},"n2":{"position":{"xCoord":465,"yCoord":66,"zCoord":-611}}},{"n1":{"position":{"xCoord":463,"yCoord":66,"zCoord":-611}},"n2":{"position":{"xCoord":463,"yCoord":66,"zCoord":-609}}},{"n1":{"position":{"xCoord":463,"yCoord":66,"zCoord":-609}},"n2":{"position":{"xCoord":462,"yCoord":66,"zCoord":-609}}},{"n1":{"position":{"xCoord":462,"yCoord":66,"zCoord":-609}},"n2":{"position":{"xCoord":462,"yCoord":66,"zCoord":-607}}},{"n1":{"position":{"xCoord":462,"yCoord":66,"zCoord":-607}},"n2":{"position":{"xCoord":461,"yCoord":66,"zCoord":-609}}},{"n1":{"position":{"xCoord":461,"yCoord":66,"zCoord":-609}},"n2":{"position":{"xCoord":462,"yCoord":66,"zCoord":-609}}},{"n1":{"position":{"xCoord":461,"yCoord":66,"zCoord":-609}},"n2":{"position":{"xCoord":461,"yCoord":66,"zCoord":-611}}},{"n1":{"position":{"xCoord":461,"yCoord":66,"zCoord":-611}},"n2":{"position":{"xCoord":463,"yCoord":66,"zCoord":-611}}},{"n1":{"position":{"xCoord":460,"yCoord":66,"zCoord":-613}},"n2":{"position":{"xCoord":461,"yCoord":66,"zCoord":-611}}},{"n1":{"position":{"xCoord":460,"yCoord":66,"zCoord":-613}},"n2":{"position":{"xCoord":459,"yCoord":66,"zCoord":-611}}},{"n1":{"position":{"xCoord":461,"yCoord":66,"zCoord":-615}},"n2":{"position":{"xCoord":460,"yCoord":66,"zCoord":-613}}},{"n1":{"position":{"xCoord":461,"yCoord":66,"zCoord":-613}},"n2":{"position":{"xCoord":460,"yCoord":66,"zCoord":-613}}},{"n1":{"position":{"xCoord":461,"yCoord":66,"zCoord":-613}},"n2":{"position":{"xCoord":461,"yCoord":66,"zCoord":-611}}},{"n1":{"position":{"xCoord":461,"yCoord":66,"zCoord":-609}},"n2":{"position":{"xCoord":459,"yCoord":66,"zCoord":-611}}},{"n1":{"position":{"xCoord":459,"yCoord":66,"zCoord":-609}},"n2":{"position":{"xCoord":461,"yCoord":66,"zCoord":-609}}},{"n1":{"position":{"xCoord":459,"yCoord":66,"zCoord":-609}},"n2":{"position":{"xCoord":461,"yCoord":66,"zCoord":-611}}},{"n1":{"position":{"xCoord":459,"yCoord":66,"zCoord":-609}},"n2":{"position":{"xCoord":459,"yCoord":66,"zCoord":-611}}},{"n1":{"position":{"xCoord":459,"yCoord":66,"zCoord":-611}},"n2":{"position":{"xCoord":461,"yCoord":66,"zCoord":-611}}},{"n1":{"position":{"xCoord":461,"yCoord":66,"zCoord":-609}},"n2":{"position":{"xCoord":459,"yCoord":66,"zCoord":-607}}},{"n1":{"position":{"xCoord":459,"yCoord":66,"zCoord":-607}},"n2":{"position":{"xCoord":459,"yCoord":66,"zCoord":-609}}},{"n1":{"position":{"xCoord":459,"yCoord":66,"zCoord":-609}},"n2":{"position":{"xCoord":462,"yCoord":66,"zCoord":-607}}},{"n1":{"position":{"xCoord":459,"yCoord":66,"zCoord":-607}},"n2":{"position":{"xCoord":462,"yCoord":66,"zCoord":-609}}},{"n1":{"position":{"xCoord":459,"yCoord":66,"zCoord":-607}},"n2":{"position":{"xCoord":457,"yCoord":66,"zCoord":-609}}},{"n1":{"position":{"xCoord":457,"yCoord":66,"zCoord":-609}},"n2":{"position":{"xCoord":459,"yCoord":66,"zCoord":-609}}},{"n1":{"position":{"xCoord":457,"yCoord":66,"zCoord":-609}},"n2":{"position":{"xCoord":456,"yCoord":66,"zCoord":-607}}},{"n1":{"position":{"xCoord":456,"yCoord":66,"zCoord":-607}},"n2":{"position":{"xCoord":459,"yCoord":66,"zCoord":-609}}},{"n1":{"position":{"xCoord":455,"yCoord":66,"zCoord":-609}},"n2":{"position":{"xCoord":456,"yCoord":66,"zCoord":-607}}},{"n1":{"position":{"xCoord":455,"yCoord":66,"zCoord":-609}},"n2":{"position":{"xCoord":457,"yCoord":66,"zCoord":-609}}},{"n1":{"position":{"xCoord":455,"yCoord":66,"zCoord":-609}},"n2":{"position":{"xCoord":457,"yCoord":66,"zCoord":-611}}},{"n1":{"position":{"xCoord":457,"yCoord":66,"zCoord":-611}},"n2":{"position":{"xCoord":457,"yCoord":66,"zCoord":-609}}},{"n1":{"position":{"xCoord":457,"yCoord":66,"zCoord":-609}},"n2":{"position":{"xCoord":455,"yCoord":66,"zCoord":-611}}},{"n1":{"position":{"xCoord":455,"yCoord":66,"zCoord":-611}},"n2":{"position":{"xCoord":457,"yCoord":66,"zCoord":-611}}},{"n1":{"position":{"xCoord":457,"yCoord":66,"zCoord":-611}},"n2":{"position":{"xCoord":459,"yCoord":66,"zCoord":-611}}},{"n1":{"position":{"xCoord":460,"yCoord":66,"zCoord":-613}},"n2":{"position":{"xCoord":457,"yCoord":66,"zCoord":-611}}},{"n1":{"position":{"xCoord":458,"yCoord":66,"zCoord":-613}},"n2":{"position":{"xCoord":460,"yCoord":66,"zCoord":-613}}},{"n1":{"position":{"xCoord":458,"yCoord":66,"zCoord":-613}},"n2":{"position":{"xCoord":456,"yCoord":66,"zCoord":-613}}},{"n1":{"position":{"xCoord":456,"yCoord":66,"zCoord":-613}},"n2":{"position":{"xCoord":454,"yCoord":66,"zCoord":-613}}},{"n1":{"position":{"xCoord":454,"yCoord":66,"zCoord":-613}},"n2":{"position":{"xCoord":452,"yCoord":66,"zCoord":-613}}},{"n1":{"position":{"xCoord":452,"yCoord":66,"zCoord":-613}},"n2":{"position":{"xCoord":452,"yCoord":66,"zCoord":-615}}},{"n1":{"position":{"xCoord":452,"yCoord":66,"zCoord":-613}},"n2":{"position":{"xCoord":455,"yCoord":66,"zCoord":-611}}},{"n1":{"position":{"xCoord":454,"yCoord":66,"zCoord":-613}},"n2":{"position":{"xCoord":455,"yCoord":66,"zCoord":-611}}},{"n1":{"position":{"xCoord":455,"yCoord":66,"zCoord":-611}},"n2":{"position":{"xCoord":456,"yCoord":66,"zCoord":-613}}},{"n1":{"position":{"xCoord":456,"yCoord":66,"zCoord":-613}},"n2":{"position":{"xCoord":457,"yCoord":66,"zCoord":-611}}},{"n1":{"position":{"xCoord":458,"yCoord":66,"zCoord":-613}},"n2":{"position":{"xCoord":457,"yCoord":66,"zCoord":-611}}},{"n1":{"position":{"xCoord":458,"yCoord":66,"zCoord":-613}},"n2":{"position":{"xCoord":459,"yCoord":66,"zCoord":-611}}},{"n1":{"position":{"xCoord":458,"yCoord":66,"zCoord":-613}},"n2":{"position":{"xCoord":461,"yCoord":66,"zCoord":-611}}},{"n1":{"position":{"xCoord":458,"yCoord":66,"zCoord":-613}},"n2":{"position":{"xCoord":455,"yCoord":66,"zCoord":-611}}},{"n1":{"position":{"xCoord":456,"yCoord":66,"zCoord":-613}},"n2":{"position":{"xCoord":452,"yCoord":66,"zCoord":-611}}},{"n1":{"position":{"xCoord":454,"yCoord":66,"zCoord":-613}},"n2":{"position":{"xCoord":452,"yCoord":66,"zCoord":-611}}},{"n1":{"position":{"xCoord":468,"yCoord":61,"zCoord":-610}},"n2":{"position":{"xCoord":466,"yCoord":61,"zCoord":-608}}},{"n1":{"position":{"xCoord":455,"yCoord":61,"zCoord":-592}},"n2":{"position":{"xCoord":453,"yCoord":61,"zCoord":-595}}},{"n1":{"position":{"xCoord":455,"yCoord":61,"zCoord":-592}},"n2":{"position":{"xCoord":453,"yCoord":61,"zCoord":-595}}},{"n1":{"position":{"xCoord":455,"yCoord":61,"zCoord":-595}},"n2":{"position":{"xCoord":453,"yCoord":61,"zCoord":-591}}},{"n1":{"position":{"xCoord":455,"yCoord":61,"zCoord":-595}},"n2":{"position":{"xCoord":453,"yCoord":61,"zCoord":-591}}},{"n1":{"position":{"xCoord":448,"yCoord":61,"zCoord":-595}},"n2":{"position":{"xCoord":449,"yCoord":61,"zCoord":-595}}},{"n1":{"position":{"xCoord":448,"yCoord":61,"zCoord":-595}},"n2":{"position":{"xCoord":449,"yCoord":61,"zCoord":-595}}},{"n1":{"position":{"xCoord":471,"yCoord":61,"zCoord":-611}},"n2":{"position":{"xCoord":472,"yCoord":61,"zCoord":-612}}},{"n1":{"position":{"xCoord":471,"yCoord":61,"zCoord":-611}},"n2":{"position":{"xCoord":472,"yCoord":61,"zCoord":-612}}},{"n1":{"position":{"xCoord":471,"yCoord":61,"zCoord":-611}},"n2":{"position":{"xCoord":469,"yCoord":61,"zCoord":-612}}},{"n1":{"position":{"xCoord":471,"yCoord":61,"zCoord":-611}},"n2":{"position":{"xCoord":469,"yCoord":61,"zCoord":-612}}},{"n1":{"position":{"xCoord":475,"yCoord":61,"zCoord":-612}},"n2":{"position":{"xCoord":472,"yCoord":61,"zCoord":-612}}},{"n1":{"position":{"xCoord":475,"yCoord":61,"zCoord":-612}},"n2":{"position":{"xCoord":472,"yCoord":61,"zCoord":-612}}},{"n1":{"position":{"xCoord":475,"yCoord":61,"zCoord":-612}},"n2":{"position":{"xCoord":481,"yCoord":61,"zCoord":-612}}},{"n1":{"position":{"xCoord":475,"yCoord":61,"zCoord":-612}},"n2":{"position":{"xCoord":481,"yCoord":61,"zCoord":-612}}},{"n1":{"position":{"xCoord":465,"yCoord":66,"zCoord":-629}},"n2":{"position":{"xCoord":463,"yCoord":66,"zCoord":-629}}},{"n1":{"position":{"xCoord":465,"yCoord":66,"zCoord":-629}},"n2":{"position":{"xCoord":463,"yCoord":66,"zCoord":-629}}},{"n1":{"position":{"xCoord":463,"yCoord":66,"zCoord":-623}},"n2":{"position":{"xCoord":463,"yCoord":66,"zCoord":-629}}},{"n1":{"position":{"xCoord":463,"yCoord":66,"zCoord":-623}},"n2":{"position":{"xCoord":463,"yCoord":66,"zCoord":-629}}},{"n1":{"position":{"xCoord":463,"yCoord":66,"zCoord":-623}},"n2":{"position":{"xCoord":461,"yCoord":66,"zCoord":-619}}},{"n1":{"position":{"xCoord":463,"yCoord":66,"zCoord":-623}},"n2":{"position":{"xCoord":461,"yCoord":66,"zCoord":-619}}},{"n1":{"position":{"xCoord":461,"yCoord":66,"zCoord":-615}},"n2":{"position":{"xCoord":461,"yCoord":66,"zCoord":-619}}},{"n1":{"position":{"xCoord":461,"yCoord":66,"zCoord":-615}},"n2":{"position":{"xCoord":461,"yCoord":66,"zCoord":-619}}},{"n1":{"position":{"xCoord":476,"yCoord":68,"zCoord":-629}},"n2":{"position":{"xCoord":475,"yCoord":68,"zCoord":-629}}},{"n1":{"position":{"xCoord":476,"yCoord":68,"zCoord":-629}},"n2":{"position":{"xCoord":475,"yCoord":68,"zCoord":-629}}},{"n1":{"position":{"xCoord":475,"yCoord":68,"zCoord":-629}},"n2":{"position":{"xCoord":475,"yCoord":68,"zCoord":-628}}},{"n1":{"position":{"xCoord":475,"yCoord":68,"zCoord":-629}},"n2":{"position":{"xCoord":475,"yCoord":68,"zCoord":-628}}},{"n1":{"position":{"xCoord":475,"yCoord":68,"zCoord":-628}},"n2":{"position":{"xCoord":474,"yCoord":69,"zCoord":-628}}},{"n1":{"position":{"xCoord":475,"yCoord":68,"zCoord":-628}},"n2":{"position":{"xCoord":474,"yCoord":69,"zCoord":-628}}},{"n1":{"position":{"xCoord":474,"yCoord":69,"zCoord":-628}},"n2":{"position":{"xCoord":473,"yCoord":69,"zCoord":-628}}},{"n1":{"position":{"xCoord":474,"yCoord":69,"zCoord":-628}},"n2":{"position":{"xCoord":473,"yCoord":69,"zCoord":-628}}},{"n1":{"position":{"xCoord":473,"yCoord":69,"zCoord":-628}},"n2":{"position":{"xCoord":473,"yCoord":69,"zCoord":-627}}},{"n1":{"position":{"xCoord":473,"yCoord":69,"zCoord":-628}},"n2":{"position":{"xCoord":473,"yCoord":69,"zCoord":-627}}},{"n1":{"position":{"xCoord":472,"yCoord":69,"zCoord":-627}},"n2":{"position":{"xCoord":473,"yCoord":69,"zCoord":-627}}},{"n1":{"position":{"xCoord":472,"yCoord":69,"zCoord":-627}},"n2":{"position":{"xCoord":473,"yCoord":69,"zCoord":-627}}},{"n1":{"position":{"xCoord":472,"yCoord":68,"zCoord":-626}},"n2":{"position":{"xCoord":472,"yCoord":69,"zCoord":-627}}},{"n1":{"position":{"xCoord":472,"yCoord":68,"zCoord":-626}},"n2":{"position":{"xCoord":472,"yCoord":69,"zCoord":-627}}},{"n1":{"position":{"xCoord":471,"yCoord":68,"zCoord":-626}},"n2":{"position":{"xCoord":472,"yCoord":68,"zCoord":-626}}},{"n1":{"position":{"xCoord":471,"yCoord":68,"zCoord":-626}},"n2":{"position":{"xCoord":472,"yCoord":68,"zCoord":-626}}},{"n1":{"position":{"xCoord":471,"yCoord":67,"zCoord":-625}},"n2":{"position":{"xCoord":471,"yCoord":68,"zCoord":-626}}},{"n1":{"position":{"xCoord":471,"yCoord":67,"zCoord":-625}},"n2":{"position":{"xCoord":471,"yCoord":68,"zCoord":-626}}},{"n1":{"position":{"xCoord":470,"yCoord":67,"zCoord":-625}},"n2":{"position":{"xCoord":471,"yCoord":67,"zCoord":-625}}},{"n1":{"position":{"xCoord":470,"yCoord":67,"zCoord":-625}},"n2":{"position":{"xCoord":471,"yCoord":67,"zCoord":-625}}},{"n1":{"position":{"xCoord":470,"yCoord":66,"zCoord":-624}},"n2":{"position":{"xCoord":470,"yCoord":67,"zCoord":-625}}},{"n1":{"position":{"xCoord":470,"yCoord":66,"zCoord":-624}},"n2":{"position":{"xCoord":470,"yCoord":67,"zCoord":-625}}},{"n1":{"position":{"xCoord":470,"yCoord":66,"zCoord":-624}},"n2":{"position":{"xCoord":469,"yCoord":66,"zCoord":-619}}},{"n1":{"position":{"xCoord":470,"yCoord":66,"zCoord":-624}},"n2":{"position":{"xCoord":469,"yCoord":66,"zCoord":-619}}},{"n1":{"position":{"xCoord":469,"yCoord":66,"zCoord":-619}},"n2":{"position":{"xCoord":469,"yCoord":66,"zCoord":-615}}},{"n1":{"position":{"xCoord":469,"yCoord":66,"zCoord":-619}},"n2":{"position":{"xCoord":469,"yCoord":66,"zCoord":-615}}},{"n1":{"position":{"xCoord":456,"yCoord":66,"zCoord":-622}},"n2":{"position":{"xCoord":455,"yCoord":65,"zCoord":-622}}},{"n1":{"position":{"xCoord":456,"yCoord":66,"zCoord":-622}},"n2":{"position":{"xCoord":455,"yCoord":65,"zCoord":-622}}},{"n1":{"position":{"xCoord":454,"yCoord":64,"zCoord":-622}},"n2":{"position":{"xCoord":455,"yCoord":65,"zCoord":-622}}},{"n1":{"position":{"xCoord":454,"yCoord":64,"zCoord":-622}},"n2":{"position":{"xCoord":455,"yCoord":65,"zCoord":-622}}},{"n1":{"position":{"xCoord":454,"yCoord":64,"zCoord":-622}},"n2":{"position":{"xCoord":453,"yCoord":63,"zCoord":-622}}},{"n1":{"position":{"xCoord":454,"yCoord":64,"zCoord":-622}},"n2":{"position":{"xCoord":453,"yCoord":63,"zCoord":-622}}},{"n1":{"position":{"xCoord":453,"yCoord":63,"zCoord":-622}},"n2":{"position":{"xCoord":452,"yCoord":62,"zCoord":-622}}},{"n1":{"position":{"xCoord":453,"yCoord":63,"zCoord":-622}},"n2":{"position":{"xCoord":452,"yCoord":62,"zCoord":-622}}},{"n1":{"position":{"xCoord":452,"yCoord":62,"zCoord":-622}},"n2":{"position":{"xCoord":451,"yCoord":61,"zCoord":-622}}},{"n1":{"position":{"xCoord":452,"yCoord":62,"zCoord":-622}},"n2":{"position":{"xCoord":451,"yCoord":61,"zCoord":-622}}},{"n1":{"position":{"xCoord":456,"yCoord":66,"zCoord":-622}},"n2":{"position":{"xCoord":461,"yCoord":66,"zCoord":-619}}},{"n1":{"position":{"xCoord":456,"yCoord":66,"zCoord":-622}},"n2":{"position":{"xCoord":461,"yCoord":66,"zCoord":-619}}},{"n1":{"position":{"xCoord":447,"yCoord":61,"zCoord":-618}},"n2":{"position":{"xCoord":446,"yCoord":61,"zCoord":-605}}},{"n1":{"position":{"xCoord":447,"yCoord":61,"zCoord":-618}},"n2":{"position":{"xCoord":446,"yCoord":61,"zCoord":-605}}},{"n1":{"position":{"xCoord":446,"yCoord":61,"zCoord":-605}},"n2":{"position":{"xCoord":449,"yCoord":61,"zCoord":-603}}},{"n1":{"position":{"xCoord":446,"yCoord":61,"zCoord":-605}},"n2":{"position":{"xCoord":449,"yCoord":61,"zCoord":-603}}},{"n1":{"position":{"xCoord":430,"yCoord":61,"zCoord":-603}},"n2":{"position":{"xCoord":435,"yCoord":61,"zCoord":-601}}},{"n1":{"position":{"xCoord":430,"yCoord":61,"zCoord":-603}},"n2":{"position":{"xCoord":435,"yCoord":61,"zCoord":-601}}},{"n1":{"position":{"xCoord":435,"yCoord":61,"zCoord":-601}},"n2":{"position":{"xCoord":439,"yCoord":61,"zCoord":-601}}},{"n1":{"position":{"xCoord":435,"yCoord":61,"zCoord":-601}},"n2":{"position":{"xCoord":439,"yCoord":61,"zCoord":-601}}},{"n1":{"position":{"xCoord":439,"yCoord":61,"zCoord":-601}},"n2":{"position":{"xCoord":446,"yCoord":61,"zCoord":-605}}},{"n1":{"position":{"xCoord":439,"yCoord":61,"zCoord":-601}},"n2":{"position":{"xCoord":446,"yCoord":61,"zCoord":-605}}},{"n1":{"position":{"xCoord":448,"yCoord":61,"zCoord":-595}},"n2":{"position":{"xCoord":438,"yCoord":61,"zCoord":-599}}},{"n1":{"position":{"xCoord":448,"yCoord":61,"zCoord":-595}},"n2":{"position":{"xCoord":438,"yCoord":61,"zCoord":-599}}},{"n1":{"position":{"xCoord":435,"yCoord":61,"zCoord":-599}},"n2":{"position":{"xCoord":438,"yCoord":61,"zCoord":-599}}},{"n1":{"position":{"xCoord":435,"yCoord":61,"zCoord":-599}},"n2":{"position":{"xCoord":438,"yCoord":61,"zCoord":-599}}},{"n1":{"position":{"xCoord":430,"yCoord":61,"zCoord":-595}},"n2":{"position":{"xCoord":435,"yCoord":61,"zCoord":-599}}},{"n1":{"position":{"xCoord":430,"yCoord":61,"zCoord":-595}},"n2":{"position":{"xCoord":435,"yCoord":61,"zCoord":-599}}},{"n1":{"position":{"xCoord":434,"yCoord":61,"zCoord":-579}},"n2":{"position":{"xCoord":434,"yCoord":61,"zCoord":-577}}},{"n1":{"position":{"xCoord":434,"yCoord":61,"zCoord":-579}},"n2":{"position":{"xCoord":434,"yCoord":61,"zCoord":-577}}},{"n1":{"position":{"xCoord":434,"yCoord":61,"zCoord":-577}},"n2":{"position":{"xCoord":436,"yCoord":61,"zCoord":-577}}},{"n1":{"position":{"xCoord":434,"yCoord":61,"zCoord":-577}},"n2":{"position":{"xCoord":436,"yCoord":61,"zCoord":-577}}},{"n1":{"position":{"xCoord":436,"yCoord":61,"zCoord":-577}},"n2":{"position":{"xCoord":446,"yCoord":61,"zCoord":-583}}},{"n1":{"position":{"xCoord":436,"yCoord":61,"zCoord":-577}},"n2":{"position":{"xCoord":446,"yCoord":61,"zCoord":-583}}},{"n1":{"position":{"xCoord":435,"yCoord":61,"zCoord":-592}},"n2":{"position":{"xCoord":435,"yCoord":61,"zCoord":-590}}},{"n1":{"position":{"xCoord":435,"yCoord":61,"zCoord":-592}},"n2":{"position":{"xCoord":435,"yCoord":61,"zCoord":-590}}},{"n1":{"position":{"xCoord":440,"yCoord":61,"zCoord":-590}},"n2":{"position":{"xCoord":435,"yCoord":61,"zCoord":-590}}},{"n1":{"position":{"xCoord":440,"yCoord":61,"zCoord":-590}},"n2":{"position":{"xCoord":435,"yCoord":61,"zCoord":-590}}},{"n1":{"position":{"xCoord":440,"yCoord":61,"zCoord":-590}},"n2":{"position":{"xCoord":448,"yCoord":61,"zCoord":-595}}},{"n1":{"position":{"xCoord":440,"yCoord":61,"zCoord":-590}},"n2":{"position":{"xCoord":448,"yCoord":61,"zCoord":-595}}}],"blockBarricades":[{"xCoord":450,"yCoord":61,"zCoord":-585},{"xCoord":450,"yCoord":61,"zCoord":-586},{"xCoord":450,"yCoord":62,"zCoord":-585},{"xCoord":450,"yCoord":62,"zCoord":-586},{"xCoord":457,"yCoord":61,"zCoord":-582},{"xCoord":456,"yCoord":61,"zCoord":-582},{"xCoord":457,"yCoord":62,"zCoord":-582},{"xCoord":456,"yCoord":62,"zCoord":-582},{"xCoord":459,"yCoord":61,"zCoord":-592},{"xCoord":459,"yCoord":62,"zCoord":-592},{"xCoord":459,"yCoord":61,"zCoord":-591},{"xCoord":459,"yCoord":62,"zCoord":-591},{"xCoord":450,"yCoord":61,"zCoord":-595},{"xCoord":450,"yCoord":62,"zCoord":-595},{"xCoord":450,"yCoord":62,"zCoord":-603},{"xCoord":450,"yCoord":61,"zCoord":-603},{"xCoord":450,"yCoord":61,"zCoord":-602},{"xCoord":450,"yCoord":62,"zCoord":-602},{"xCoord":462,"yCoord":61,"zCoord":-614},{"xCoord":462,"yCoord":62,"zCoord":-614},{"xCoord":463,"yCoord":61,"zCoord":-614},{"xCoord":463,"yCoord":62,"zCoord":-614},{"xCoord":470,"yCoord":61,"zCoord":-612},{"xCoord":470,"yCoord":61,"zCoord":-611},{"xCoord":470,"yCoord":62,"zCoord":-612},{"xCoord":470,"yCoord":62,"zCoord":-611},{"xCoord":462,"yCoord":61,"zCoord":-605},{"xCoord":461,"yCoord":61,"zCoord":-605},{"xCoord":462,"yCoord":62,"zCoord":-605},{"xCoord":461,"yCoord":62,"zCoord":-605},{"xCoord":460,"yCoord":66,"zCoord":-614},{"xCoord":460,"yCoord":67,"zCoord":-614},{"xCoord":461,"yCoord":66,"zCoord":-614},{"xCoord":461,"yCoord":67,"zCoord":-614},{"xCoord":468,"yCoord":66,"zCoord":-614},{"xCoord":469,"yCoord":66,"zCoord":-614},{"xCoord":468,"yCoord":67,"zCoord":-614},{"xCoord":469,"yCoord":67,"zCoord":-614},{"xCoord":459,"yCoord":66,"zCoord":-602},{"xCoord":459,"yCoord":67,"zCoord":-602},{"xCoord":459,"yCoord":66,"zCoord":-603},{"xCoord":459,"yCoord":67,"zCoord":-603}]}